NAME,YEAR,AREA
AALFOTBREEN,1975,4.82
AALFOTBREEN,1980,4.82
AALFOTBREEN,2008,4.5
AALFOTBREEN,2010,3.97
ABANO,1960,2.0
ABANO,1975,2.0
ABAY,1975,12.2
ABEL,1978,3.45
ABRAHAM,1981,0.73
ABRAMOV,1968,24.63
ABRAMOV,1971,24.63
ABRAMOV,1972,24.63
ABRAMOV,1973,25.31
ABRAMOV,1974,25.31
ABRAMOV,1975,25.31
ABRAMOV,1976,25.25
ABRAMOV,1977,25.14
ABRAMOV,1978,25.11
ABRAMOV,1979,25.11
ABRAMOV,1980,25.11
ABRAMOV,1981,25.11
ABRAMOV,1982,25.11
ABRAMOV,1983,24.65
ABRAMOV,1984,24.65
ABRAMOV,1985,24.65
ABRAMOV,1986,24.65
ABRAMOV,1987,24.65
ABRAMOV,1988,24.64
ABRAMOV,1989,24.64
ABRAMOV,1990,24.64
ABRAMOV,1991,24.64
ABRAMOV,1992,24.51
ABRAMOV,1993,24.51
ABRAMOV,1994,24.51
ABRAMOV,2012,24.06
ABRAMOV,2013,24.0
ABRAMOV,2014,24.0
ADAMS,1978,9.96
ADAMS,1989,5.73
AEU.PIRCHLKAR,1969,0.94
AGNELLO MER.,1975,0.7
AGNELLO MER.,1983,0.5
AGUA NEGRA,2010,1.09
AGUILLES DE TRELATETE MER.,1975,0.25
AHTNA,1957,60.0
AK-SAY,1964,4.8
AK-SAY,1999,4.5
AKBAYTAL,1970,5.5
AKBULAKULKUN,1970,2.0
AKBULAKULKUN,1975,2.0
AKSU,1956,3.9
AKSU VOSTOCHNIY,1965,6.9
AKSU ZAPADNIY,1964,4.7
AKULLIIT,1950,3.43
ALAMKOUH,1955,3.7
ALAMKOUH,2010,3.7
ALBA,1990,0.01
ALBA,2005,0.0
ALBERICH,1975,1.36
ALBIGNA,1850,1.62
ALBIGNA,1973,8.71
ALDEGONDABREEN,1936,8.93
ALERCE,1975,7.29
ALEXANDER,1990,5.74
ALFOMBRALES,1959,2.6
ALFOMBRALES,1984,2.8
ALFOMBRALES,1987,2.2
ALIBEKSKIY,1965,5.4
ALIBEKSKIY,1975,5.4
ALING,1993,48.0
ALLALIN,1973,9.94
ALLALIN,1975,9.94
ALLALIN,1982,9.83
ALLALIN,1991,9.77
ALLALIN,1999,9.71
ALLALIN,2004,9.68
ALLISON,1980,6.5
ALMER/SALISBURY,1978,3.1
ALP.KRAEUL F.,1969,0.52
ALPEHUE,1961,19.56
ALPEHUE,2011,11.47
ALPEINER F.,1969,3.77
ALPEINER F.,1975,3.94
ALPETLI(KANDER),1973,14.02
ALPETLI(KANDER),1975,14.02
ALTA (VEDRETTA) / HOHENF.,1975,1.79
ALTA (VEDRETTA) / HOHENF.,1980,1.75
ALTO DEL PLOMO,1974,60.12
ALTO DEL PLOMO,2010,15.38
ALTYNSARIN,1975,1.4
AMALIA,1986,157.0
AMARILLO,2005,0.29
AMARILLO,2013,0.2
AMITSULOQ ISKA.,1980,165.0
AMMERTEN,1973,1.89
AMMERTEN,1975,1.89
AMOLA,1975,1.2
AMOLA,1980,0.86
ANDERSON,1979,0.61
ANDREI,1990,91.9
ANDREWS,1975,0.14
ANDY,1978,10.49
ANETO,1990,1.3
ANETO,2005,0.73
ANETO,2010,0.69
ANGEL,1975,0.89
ANTELAO INFERIORE (OCC.),1982,0.2
ANTELAO SUP.,1982,0.37
ANTIZANA15ALPHA,1956,0.46
ANTIZANA15ALPHA,1965,0.43
ANTIZANA15ALPHA,1993,0.37
ANTIZANA15ALPHA,1996,0.35
ANTIZANA15ALPHA,1997,0.34
ANTIZANA15ALPHA,1998,0.33
ANTIZANA15ALPHA,1999,0.34
ANTIZANA15ALPHA,2000,0.36
ANTIZANA15ALPHA,2001,0.34
ANTIZANA15ALPHA,2002,0.32
ANTIZANA15ALPHA,2003,0.3
ANTIZANA15ALPHA,2004,0.3
ANTIZANA15ALPHA,2005,0.28
ANTIZANA15ALPHA,2006,0.27
ANTIZANA15ALPHA,2007,0.27
ANTIZANA15ALPHA,2008,0.28
ANTIZANA15ALPHA,2009,0.29
ANTIZANA15ALPHA,2010,0.29
ANTUCO,1985,3.56
ANTUCO,2011,1.58
ANUTSINA,2009,49.57
ANZAC PEAK,1980,1.75
AOUILLE,1975,0.25
APE,1964,4.6
APUSERAJIK GLACIER,2002,3.73
ARAPAHO,1975,0.28
ARCO,1974,41.3
ARGENTIERE,1978,15.6
ARGUEREY MER.,1975,0.24
ARGUEREY SETT.,1975,0.49
ARIKAREE,1975,0.96
AROLLA (BAS),1973,6.02
AROLLA (BAS),1975,6.02
ARTESONRAJU,2013,5.39
ASHBURTON,1978,1.69
ASHU-TOR SOUTH,1950,6.0
ASIA,1986,133.0
ASSAKAAT,1950,13.2
ASTROLABE,1947,83.5
ASTROLABE,1963,75.0
ASTROLABE,1973,78.9
ASTROLABE,1985,70.0
ASTROLABE,1989,70.75
ASULKAN,1975,1.23
ATAVIST,1964,5.53
ATHABASCA,1956,14.95
ATHABASCA,1975,14.95
ATLANTE,1950,3.0
AURONA,1975,1.13
AURONA,1983,1.17
AUSTDALSBREEN,1966,11.95
AUSTDALSBREEN,2008,11.8
AUSTDALSBREEN,2009,10.62
AUSTERDALSBREEN,1975,28.0
AUSTERDALSBREEN,1980,26.84
AUSTRE BROEGGERBREEN,1980,6.1
AUSTRE LOVENBREEN,2007,4.6
AUSTRE LOVENBREEN,2008,4.55
AUSTRE LOVENBREEN,2009,4.54
AUSTRE LOVENBREEN,2010,4.53
AUSTRE LOVENBREEN,2011,4.51
AUSTRE LOVENBREEN,2012,4.49
AUSTRE MEMURUBREEN,1975,8.71
AVIO CENTRALE D,1975,0.35
AVOCA,1978,0.12
AX010,1978,0.57
AX010,1991,0.53
AX010,1996,0.48
AX010,1999,0.38
AX030,1976,0.53
AXIUS,1978,0.56
AYDGYNE,1964,3.5
AYDGYNE,1999,3.0
AYLAMA,1956,6.8
AYSBERGOV,1975,1.8
AYUTOR-2,1961,3.2
AYUTOR-2,1975,3.2
AZHA,1950,29.5
AZUFRADO,1959,1.5
AZUFRADO,1984,0.5
AZUFRADO,1987,1.15
AZUFRADO,1992,0.66
AZUFRE,2005,3.87
BABY GLACIER,1975,0.63
BABY GLACIER,2005,0.61
BACHFALLEN F.,1969,2.35
BACHFALLEN F.,1975,2.55
BAEGISARJOEKULL,1968,1.7
BAERENKOPF K.,1969,2.57
BAERENKOPF K.,1975,2.5
BAHIA DEL DIABLO,2008,14.3
BAHIA DEL DIABLO,2010,14.3
BAHIA DEL DIABLO,2014,12.9
BAISHUI NO. 1,1950,1.5
BAKER CK,1978,0.54
BAKLIBREEN,1984,3.19
BALAITUS SE,1990,0.02
BALAITUS SE,2005,0.0
BALFOUR,1978,7.0
BALMACEDA,1986,63.0
BALTORO,1945,786.02
BALTORO,1975,1286.0
BARBADORSO (FONTANA OR.) / BAERENBARTF.,1975,1.01
BARBADORSO DI DENTRO / BAERENBARTF. INNERER,1975,1.86
BARBADORSO DI DENTRO / BAERENBARTF. INNERER,1980,1.84
BARKRAK PRAVYY,1975,2.1
BARKRAK SREDNIY,1970,3.2
BARKRAK SREDNIY,1975,2.2
BARLOW,1978,2.57
BARNES ICE CAP SOUTH DOME N SLOPE,1975,675.0
BARPU,1939,125.56
BARRANCS,1990,0.18
BARRANCS,2005,0.08
BARRE,1947,6.1
BARRE,1963,5.25
BARRE,1973,4.35
BARRE,1985,2.1
BARRE,1989,4.5
BARRE,1996,7.9
BARRIER,1978,1.88
BARRIER PK,1978,0.03
BASEI,1975,0.28
BASEI,1983,0.37
BASODINO,1961,2.2
BASODINO,1973,2.3
BASODINO,1975,2.3
BASODINO,1985,2.2
BASODINO,1991,2.2
BASODINO,2002,2.2
BASODINO,2013,1.84
BASODINO OCC.,1975,0.14
BASSA DELL' ORTLES / ORTLERF. NIEDERER,1975,2.8
BASSAC,1975,0.5
BATURA,1945,330.0
BATYRBAI,1957,1.6
BAUDISSIN,1980,17.04
BAZHIN,1958,16.64
BEAR,2006,149.28
BEAR LAKE,1950,6.6
BEAR PASS,1979,0.59
BELLA TOLA,1973,0.31
BELLA TOLA,1975,0.31
BELLEFACE,1975,0.35
BELVEDERE (MACUGNAGA),1975,5.11
BELVEDERE (MACUGNAGA),1983,5.58
BENCH,1990,10.35
BENITO,1974,210.8
BERENDON,1972,33.4
BERG,1975,14.3
BERGLAS F.,1969,0.9
BERGLAS F.,1975,1.47
BERIO BLANC,1975,0.17
BERM,1977,1.07
BERNARDO,1986,536.0
BERTA,1975,0.6
BERTILBREEN,1950,3.91
BESSANESE,1975,1.45
BESSANESE,1986,1.04
BETRAMBREEN,1950,3.81
BETSELI,1957,60.0
BEZENGI,1966,36.2
BEZENGI,1975,36.2
BEZSONOV,1975,11.7
BEZYMYANNYY,1943,5.9
BIELTAL F E,1975,0.48
BIELTAL F.,1969,0.73
BIELTAL F. W,1975,0.29
BIFERTEN,1973,2.86
BIFERTEN,1975,2.86
BILDSTOECKL F.,1969,2.2
BILDSTOECKL F.,1975,2.69
BIONNASSAY,2010,4.75
BIRCH,1973,0.54
BIRDZHALYCHIRAN,1986,12.69
BIRLEY,2006,17.3
BIS,1973,4.79
BIS,1975,4.79
BITYUKTYUBE,1988,2.22
BJARKES GLETSCHER,2002,8.51
BLAAISEN,1975,2.42
BLACK,1979,1.36
BLACK,1994,9.18
BLACK RAPIDS,1973,224.94
BLAGNIPUJOEKULL,2010,51.5
BLAIR,1978,0.38
BLANC,1967,7.7
BLANC,1975,7.7
BLANCO CHICO,1961,7.0
BLANCO CHICO,1995,6.6
BLAUEIS,1975,0.13
BLAUEIS,1995,0.06
BLINDENHORN SUP.,1975,0.57
BLOMSTERSKARDSBREEN,1975,45.72
BLOMSTOELSKARDSBREEN,2007,22.76
BLOMSTOELSKARDSBREEN,2008,22.8
BLOMSTOELSKARDSBREEN,2013,22.4
BLUE GLACIER,1975,4.2
BLUE GLACIER,1979,5.5
BLUE GLACIER,1987,5.47
BLUEMLISALP,1973,2.98
BLUEMLISALP,1975,2.98
BOCCARECCIO,1975,0.25
BOCKKOGEL F.,1969,0.69
BOCKKOGEL F.,1975,1.46
BODMER,1973,0.64
BOGATYR,1968,29.8
BOGATYR,1975,29.8
BOLIVAR,1989,1.46
BOLIVAR,1995,1.27
BOLIVAR NE,1995,0.04
BOLIVAR S,1995,1.23
BOLSHOY AZAU,1987,18.77
BOLSHOY AZAU,1992,18.76
BOLSHOY BERELSKIY,1975,9.5
BOLSHOY CHONTOR,1950,6.6
BOLSHOY MAASHEY,1975,16.0
BOLSHOY MAASHEY,1985,16.0
BONAR,1978,15.41
BONDHUSBREA,1975,12.3
BONDHUSBREA,1980,23.26
BONDONE BASSO DE,1975,0.07
BONETE S,1975,0.16
BORDOO,1950,1.25
BORDU,1943,7.6
BOSSONS,1978,10.53
BOUNDARY,1985,1.5
BOVEYRE,1973,1.99
BOVEYRE,1975,1.99
BRECHA LATOUR,1990,0.06
BRECHA LATOUR,2005,0.0
BREIDABLIKKBREA,2007,3.37
BREIDABLIKKBREA,2008,3.4
BREIDABLIKKBREA,2013,3.22
BREIDAMJOEKULL E. A.,1991,540.0
BREIDAMJOEKULL E. B.,1993,540.0
BREIDAMJOEKULL W. A.,1975,1250.0
BREIDAMJOEKULL W. A.,1995,160.0
BREIDAMJOEKULL W. C.,1995,210.0
BRENEY,1973,9.8
BRENEY,1975,9.8
BRENNKOGL K.,1969,0.59
BRENVA,1975,8.06
BRESCIANA,1973,0.94
BRESCIANA,1975,0.94
BREUIL (O BROGLI),1975,0.34
BREUIL MER.,1975,0.73
BREUIL SETT.,1975,0.59
BREWSTER,1978,2.73
BRIDGE,1982,88.1
BRIKSDALSBREEN,1975,18.5
BRIKSDALSBREEN,1980,11.94
BROGGI,1985,0.55
BROKARJOEKULL,1994,5.0
BROUILLARD,1958,1.25
BROUILLARD,1975,1.25
BROUNOVE,2009,289.94
BROWN,1980,11.21
BROWN SUPERIOR,2005,0.27
BROWN SUPERIOR,2013,0.19
BRUARJOEKULL,1995,1700.0
BRUARJOEKULL,2008,1600.0
BRUNEGG,1973,6.12
BRUNEGG,1975,6.12
BRUNNI,1973,2.99
BRUNNI,1975,2.99
BUALTAR,1939,84.53
BUERBREEN,1975,14.3
BUERBREEN,1980,15.48
BUGABOO,1953,4.98
BUGABOO,1975,4.98
BULDAR,1958,10.86
BUNGE,2009,387.2
BURTON,1978,6.74
BUTLER,1978,0.76
BYRD STATION,1975,480.0
CACHET,1974,41.5
CAINHAVARRE,1975,0.71
CALBUCO 1,1987,2.31
CALBUCO 1,2005,1.79
CALDERAS,1973,1.29
CALDERAS,1975,1.2
CALDERONE,1975,0.06
CALDERONE,2006,0.03
CALDERONE,2007,0.03
CALDERONE,2008,0.03
CALDERONE,2010,0.03
CALDERONE,2012,0.03
CALDERONE,2013,0.03
CALLAQUI,1975,13.6
CALLAQUI,2011,7.19
CALOTTA,1975,0.21
CALTHA LAKE,1983,0.04
CALVO,1986,117.0
CAMBRENA,1973,1.72
CAMBRENA,1975,1.72
CAMERON,1978,1.97
CAMOSCI (SIEDEL),1975,0.25
CAMOSCI (SIEDEL),1983,0.34
CAMPANILLAS,1955,0.25
CAMPANILLAS,1994,0.13
CAMPO SETT.,1975,0.36
CAMPO SETT.,2012,0.3
CANIN OCC.,1975,0.09
CANIN OCC.,1985,0.27
CANIN OR.,1975,0.1
CANIN OR.,1985,0.15
CANITO,2009,0.84
CANTWELL,1950,3.03
CAPRA,1975,0.25
CARBON,1980,7.92
CARDONNE OCC. (PIAZZI OCC.),1975,0.75
CARDONNE OCC. (PIAZZI OCC.),1980,0.75
CARDONNE OR. (PIAZZI CENTR.),1975,0.26
CARE ALTO OR.,1975,0.27
CARESER,1967,4.72
CARESER,1975,4.68
CARESER,1980,4.83
CARESER,1995,3.85
CARESER,1997,3.36
CARESER,2006,2.39
CARESER,2009,1.92
CARESER,2010,1.6
CARESER,2013,1.58
CARIA,1978,0.3
CARRIE,1979,0.98
CARRINGTON,1978,0.12
CARSTENSZ,1975,0.89
CARSTENSZ,2000,0.73
CARSTENSZ,2002,0.68
CASA PANGUE,1961,7.0
CASA PANGUE,1995,6.4
CASPOGGIO,1975,0.8
CASPOGGIO,1980,0.84
CASSANDRA OCC.,1975,0.22
CASSANDRA OR.,1975,0.4
CASTANO OVERO,1975,8.01
CASTANO OVERO,1983,8.01
CASTELLI OCC.,1975,0.65
CASTELLI OR.,1975,0.4
CASTORE,1975,1.09
CAVAGNOLI,1973,1.32
CAVAION,1975,0.17
CAY (LENGUA NORTE),1979,9.05
CAY (LENGUA NORTE),2011,5.81
CEDEC,1975,2.5
CENTRAL,1987,0.6
CERENA,1975,0.5
CERRO BLANCO,1945,12.3
CERRO BLANCO,1997,11.8
CERRO EL MUERTO ICE CAP,1976,4.05
CERRO EL MUERTO ICE CAP,2003,1.41
CERRO NEVADO,1917,0.0
CERRO VOLCAN,1990,0.43
CERRO VOLCAN,2011,0.29
CERRO YANTELES,1979,66.39
CERRO YANTELES,2007,46.24
CERROS DE LA PLAZA,1955,1.52
CERROS DE LA PLAZA,1994,0.56
CERROS DE LA PLAZA SE,1994,0.22
CERVINO,1975,0.29
CESAR,1975,0.05
CESAR,1987,0.02
CESAR,1993,0.01
CESAR,2004,0.01
CEVEDALE FORCOLA / FUERKELEF.,1975,2.1
CEVEDALE FORCOLA / FUERKELEF.,1980,2.52
CEVEDALE PRINCIPALE / ZUFALLF.,1975,3.39
CEVEDALE PRINCIPALE / ZUFALLF.,1980,3.2
CHACALTAYA,1983,0.14
CHACALTAYA,1992,0.1
CHACALTAYA,1995,0.1
CHACALTAYA,1996,0.08
CHACALTAYA,1997,0.08
CHACALTAYA,1998,0.06
CHACALTAYA,1999,0.05
CHACALTAYA,2000,0.05
CHACALTAYA,2001,0.04
CHACALTAYA,2002,0.04
CHACALTAYA,2003,0.03
CHACALTAYA,2004,0.02
CHACALTAYA,2005,0.01
CHACALTAYA,2006,0.007192279
CHACALTAYA,2007,0.003082918
CHACALTAYA,2008,0.0040429179999999995
CHACHI,1960,2.8
CHALLENGER,1980,5.0
CHAMBERLIN,1950,3.585
CHANGMEKHANGPU,1984,4.43
CHARQUINI NORTE,1950,0.23
CHARQUINI OESTE,1950,0.11
CHARQUINI SUR,2003,0.35
CHARQUINI SUR,2004,0.39
CHARQUINI SUR,2005,0.38
CHARQUINI SUR,2006,0.35
CHARQUINI SUR,2007,0.33
CHARQUINI SUR,2008,0.33
CHARQUINI SUR,2009,0.33
CHARQUINI SUR,2010,0.33
CHARQUINI SURESTE,1950,0.52
CHATEAU BLANC,1975,2.25
CHATEAU DES DAMES,1975,0.04
CHAVACOUR,1975,1.07
CHAVANNES,1975,1.25
CHAVANNES,1977,1.09
CHEILLON,1973,4.73
CHEILLON,1975,4.73
CHENEGA,1964,370.0
CHERILLON,1975,1.15
CHETASLINA,1957,43.5
CHICO,1945,205.0
CHILES,1850,0.6
CHILES,1950,0.0
CHOGO LUNGMA,1954,320.0
CHOMJAKOV,1936,16.85
CHONG-TUR PRAVIY,1961,0.6
CHUNGPAR-TASH.,1958,21.65
CHUNGURCHATCHIRAN,1986,12.5
CIAFRAION (GELAS OR.),1975,0.05
CIAMARELLA,1975,0.7
CIAN ROISETTA,1975,0.12
CIARDONEY,1975,0.97
CIARDONEY,1987,0.97
CIARDONEY,1991,0.83
CIMA FIAMMANTE OCC. (VEDR.) / LODNERF.,1975,0.24
CIMA FIAMMANTE OCC. (VEDR.) / LODNERF.,1980,0.25
CINTURON ROCOSO,1987,0.12
CIPRESES,1842,38.81
CIPRESES,1955,39.98
CIPRESES,1997,39.4
CIPRESES,2007,38.1
CLAPIER,1975,0.3
CLENDENNING,1979,26.5
CLOT DE HOUNT,1990,0.06
CLOT DE HOUNT,2005,0.01
CODAZZI,1989,0.04
CODAZZI,1995,0.05
COE,1907,1.41
COE,2004,1.2
COL COLLON,1975,1.29
COL DEI BECCHI,1975,0.18
COL DEL GIGANTE,1975,0.06
COL DELLA MARE I,1975,1.0
COL DU MIAGE,1975,0.12
COLEY GLACIER,2001,129.4
COLIN CAMPBELL,1978,3.94
COLLALTO (VEDR. DI) / HOCHGALL F.,1975,0.47
COLLALTO (VEDR. DI) / HOCHGALL F.,1980,2.57
COLLE VALCOURNE (CIGNANA),1975,0.04
COLLIERY,1988,1.18
COLON,1989,2.79
COLON,1995,2.75
COLON N,1995,1.76
COLON S,1995,0.98
COLONIA,1944,343.83
COLONIA,1974,437.1
COLONIA,2011,329.86
COLUMBIA (2057),1988,0.9
COLUMBIA (2057),1999,0.9
COLUMBIA (627),1975,1090.0
COLUMBIA (627),1990,1100.0
COLUMBIA CDN 35,1975,16.45
COMMANDANT CHARCOT,1947,51.05
COMMANDANT CHARCOT,1963,77.35
COMMANDANT CHARCOT,1973,37.0
COMMANDANT CHARCOT,1989,33.75
COMMANDANT CHARCOT,1996,32.8
COMPTON,1980,13.14
CONCONTA NORTE,2005,0.22
CONCONTA NORTE,2013,0.09
CONEJERAS,1987,0.33
CONEJERAS,2009,0.18
CONEJERAS,2010,0.22
CONNESS,2004,0.16
CONWAY,1947,10.72
CONWAY,2005,8.46
COOK,2003,27.6
COOLIDGE INF.,1975,0.05
CORBASSIERE,1973,17.44
CORBASSIERE,1975,17.44
CORBASSIERE,2003,15.99
CORCOVADO (LENGUA NORTE),1979,7.61
CORCOVADO (LENGUA NORTE),2007,5.0
CORNA ROSSA,1975,0.04
CORNISELLO MER.,1975,0.35
CORNISELLO MER.,1980,0.4
CORNO,1973,0.27
CORNO,1975,0.27
CORONAS,1928,0.19
CORONAS,1980,0.08
CORONAS,1990,0.12
CORONAS,1998,0.02
CORONAS,2005,0.02
COROPUNA,1955,122.7
COROPUNA,1980,80.14
COROPUNA,1996,65.5
COROPUNA,2003,57.3
COROPUNA,2008,48.1
COSTONE,1975,0.3
COUPE DE MONEY,1975,1.54
COWLITZ,1980,3.42
CRAPINELLIN (CRISTALLO D.),1975,0.13
CRATER,1959,0.4
CRATER,1984,0.15
CRATER,1987,0.1
CRATER,1992,0.16
CREGUENA N,1990,0.06
CREGUENA N,2005,0.0
CREGUENA S,1990,0.04
CREGUENA S,2005,0.0
CRESTA BIANCA,1975,0.15
CRISTALLO,1975,0.35
CRISTALLO,1982,0.32
CRISTALLO CENTR.,1975,0.19
CRISTALLO OR.,1975,0.8
CRODA DEL CAVAL,1975,0.41
CRODA ROSSA / ROTWANDF.,1975,0.22
CRODA ROSSA / ROTWANDF.,1980,0.21
CROSLINA,1973,0.42
CROW,1978,0.47
CROZZON DI BRENTA,1975,0.34
CRUSOE GLACIER,1975,43.52
CUMBAL,1850,2.3
CUMBAL,1985,0.0
CUMBERLAND,1985,2.8
DAGONGBA,1984,20.21
DAINTY,1978,0.56
DAMMA,1973,6.32
DAMMA,1975,6.32
DANIELS,1989,0.5
DANIELS,1999,0.4
DART,1966,9.86
DART,1978,9.85
DARWIN,1975,0.04
DARWIN,1987,0.02
DARWIN,1993,0.02
DARWIN,2004,0.01
DARWIN (SN),2004,0.12
DAUNKOGEL F.,1969,2.2
DAUNKOGEL F.,1975,2.69
DAVIDOV,1983,11.43
DEBELI NAMET,2006,0.05
DECADE,1975,8.47
DEER LAKE,1964,4.64
DEVDORAKI,1960,7.0
DEVDORAKI,1975,7.0
DEVON ICE CAP NE,1975,3453.57
DEVON ICE CAP NW,1975,1695.1
DEVON ICE CAP NW,1983,1696.1
DEVON ICE CAP SE,1975,4604.76
DEVON ICE CAP SW,1975,3069.84
DIABASTOPPEN NORTH,2002,3.28
DIABASTOPPEN NORTHWEST,2002,6.18
DIABLOS ROJOS,1987,0.57
DIABLOS ROJOS,1992,0.06
DIAMIR,1958,39.41
DIAMOND,1975,0.01
DIAMOND,1987,0.002
DIAMOND,1993,0.003
DIAMOND,2004,0.003
DIBBLE,1963,1612.0
DIBBLE,1973,1580.0
DIBBLE,1989,1528.0
DIBBLE,1996,1585.0
DIBBLE,1997,1587.0
DICKSON,1986,71.0
DICKSON,1996,71.0
DIDAL,1968,1.6
DIEM F.,1969,2.89
DIEM F.,1975,3.5
DIKHADANG (NO.314),1983,1.5
DINGLESTADT,2006,59.47
DISPUTE,1978,0.29
DJANKUAT,1984,3.12
DJANKUAT,1985,3.13
DJANKUAT,1992,2.87
DJANKUAT,1999,2.73
DOLONATA,1964,3.2
DOMES DE MIAGE,1975,0.08
DONALD,1978,3.63
DONNE,1978,3.52
DORFER K.,1969,4.59
DORFER K.,1975,6.24
DOSDE CENTR.,1975,0.59
DOSDE OCC.,1975,0.34
DOSDE OR.,1975,0.9
DOSDE OR.,1980,0.85
DOSEGU,1975,2.15
DOSEGU,1980,3.3
DOUGLAS (KAR.),1978,11.76
DOUGLAS (RAK.),1978,0.31
DOWNES,1980,16.42
DRAGONE,1975,0.12
DRUMMOND,1975,1.31
DRYADBREEN,1936,2.15
DRYADBREEN,1995,1.45
DRYADBREEN,2001,1.07
DUGOV,1967,4.5
DUNAGIRI,1989,2.56
DUNGEL,1973,1.21
DVOINOI LEVIY,1950,2.1
DX080,1976,1.15
DYKH-SU,1950,34.0
DYNGJUJOEKULL,1995,1040.0
DYNGJUJOEKULL,2008,1050.0
DZHAMBUL,1975,10.1
DZHELO,1975,0.9
DZHELO,1991,8.66
E SKEP PT. G,2001,15.19
E.GRUEBL F.,1969,1.13
E.GRUEBL F.,1975,1.41
EALY,1980,17.34
EAST CHABA,1975,1.68
EAST FORK,1964,46.0
EASTON,2000,2.9
EB050,1976,0.42
EBBABREEN,1950,20.4
ECHAURREN NORTE,1955,0.4
ECHAURREN NORTE,1975,0.35
ECHAURREN NORTE,1995,0.4
EEL,1979,1.11
EIGER,1973,2.27
EIGER,1975,2.27
EISER K.,1969,0.61
EISER K.,1975,0.63
EISKAR G.,1995,0.15
EKLUTNA,1985,31.6
EL AFRICA,1987,0.48
EL AZUFRE,1985,8.83
EL AZUFRE,2011,5.21
EL BOQUERON,1987,0.57
EL CASTILLO,1955,4.16
EL CASTILLO,1994,2.48
EL CASTILLO NE,1994,1.51
EL CASTILLO SE,1994,0.9
EL CISNE,1850,4.5
EL CISNE,1946,0.84
EL CISNE,1959,0.07
EL CISNE,1960,0.0
EL CONCAVO,1955,12.11
EL CONCAVO,1994,1.91
EL CONCAVO W,1994,1.46
EL DIAMANTE,1955,0.09
EL DIAMANTE,1994,0.01
EL ESPANOL,1987,1.23
EL HONGO,1987,0.3
EL JUDIO,1955,0.46
EL JUDIO,1994,0.06
EL OSO,1984,2.7
EL RINCON,1989,0.7
EL RINCON,2007,0.8
ELENA,1950,0.17
ELIOT,1901,2.03
ELIOT,2004,1.64
ELKIN,1951,1.49
ELSABREEN,1950,0.36
EMERALD,1977,1.9
EMMONS,1980,11.17
EN DARREY,1973,1.86
EN DARREY,1975,1.86
ENGABREEN,1975,38.02
ENGABREEN,1980,32.02
ENGABREEN,2008,38.74
ENSOMHEDEN NORTHEAST,2002,10.59
ERASMO,1979,52.96
ERASMO,2011,42.07
ERCIYES,1950,0.05
ERDALSBREEN,1975,11.0
ESPERANZA NORTE,1951,11.6
ESPERANZA NORTE,2007,10.76
ESTELLETTE,1975,0.54
ESTRECHO,1976,1.65
ESTRECHO,2010,1.25
EUROPA,1986,403.0
EVANS,1978,2.79
EVEQUE,1975,0.24
EXCELSIOR,1950,129.59
EXPLORADORES,1974,121.1
EYJABAKKAJOEKULL,1981,120.0
EYJABAKKAJOEKULL,1995,109.0
EYJABAKKAJOEKULL,2008,110.0
FAABERGSTOELSBREEN,1975,17.4
FAABERGSTOELSBREEN,1980,15.0
FAIR,1975,0.15
FALLJOEKULL,1995,8.0
FARALLON,1987,0.08
FEDCHENKO,1950,156.0
FEE NORTH,1973,16.66
FEE NORTH,1975,16.66
FELLARIA OCC.,1975,5.0
FELLARIA OCC.,1980,5.09
FENSAL NORTH,2002,3.65
FERDINANDBREEN,1950,1.6
FERNAU F.,1969,1.89
FERNAU F.,1975,2.02
FERPECLE,1973,9.79
FERPECLE,1975,9.79
FIERO,1974,46.0
FIESCHER,1973,33.06
FIESCHER,1975,33.06
FILLECK K.,1975,0.13
FILLECK K.,1980,0.16
FINDELEN,1973,19.09
FINDELEN,1975,19.09
FINGER,1964,42.0
FIRMISAN F.,1997,0.75
FIRNALPELI,1973,1.18
FIRNALPELI,1975,1.18
FISHT,1950,0.9
FITZGERALD (GOD),1978,1.05
FITZGERALD (KAR),1978,0.36
FJALLSJOEKULL BY GAMLASEL,1995,48.0
FJALLSJOEKULL FITJAR,1995,48.0
FLAAJOEKULL,1971,230.0
FLAAJOEKULL,1975,230.0
FLAAJOEKULL,1995,180.0
FLAAJOEKULL E 148,2010,180.0
FLEUR D.NEIGES,1978,0.44
FLOOD,1980,11.0
FOG,1978,0.28
FOND OR.,1975,1.15
FONTANA BIANCA / WEISSBRUNNF.,1980,0.75
FONTANA BIANCA / WEISSBRUNNF.,1996,0.66
FONTANA BIANCA / WEISSBRUNNF.,1997,0.62
FONTANA BIANCA / WEISSBRUNNF.,2008,0.43
FONTANA BIANCA / WEISSBRUNNF.,2009,0.43
FONTANA OCC. (VEDR. DELLA) / FREIBRUNNER F.,1975,1.14
FONTANA OCC. (VEDR. DELLA) / FREIBRUNNER F.,1980,1.1
FORCA,1975,1.04
FOREL,1975,0.03
FOREL,1987,0.01
FOREL,1993,0.01
FOREL,2004,0.01
FORGOTTEN COL,1978,0.6
FORNI,1900,13.2
FORNI,1975,20.0
FORNO,1973,8.77
FORNO,1975,8.77
FORREST KERR,1981,99.2
FOSS,1999,0.4
FOSSA OR.,1975,0.32
FOSSA OR.,1980,0.3
FOURNEAUX,1975,0.04
FOX,1978,34.69
FRADUSTA,1982,0.43
FRANCAIS,1947,85.3
FRANCAIS,1963,95.1
FRANCAIS,1973,92.3
FRANCAIS,1989,90.5
FRANCAIS,1996,106.3
FRANKLIN,1975,131.8
FRANKLIN,1978,0.07
FRANZ JOSEF,1965,32.6
FRANZ JOSEF,1978,32.59
FREBOUZIE,1975,2.39
FREIGER F.,1969,0.59
FREIWAND K.,1969,0.35
FREIWAND K.,1975,0.35
FRESHFIELD,1975,39.81
FRESHFIELD,1978,0.57
FREYA,1987,5.6
FREYNAY,1975,0.655
FRIAS,1975,14.39
FRIAS,1986,48.0
FRIAS,2009,6.54
FRIENDLY,1951,4.43
FRIENDLY,1975,4.43
FROSNITZ K.,1969,2.94
FROSNITZ K.,1975,4.19
FROST,1963,524.4
FROST,1989,556.9
FROST,1997,422.3
FROSTISEN,2001,0.34
FRUSCHNITZ K.,1969,2.87
FURTSCHAGL K.,1969,1.0
FYLES,1964,20.0
FYODOROVICH,1975,3.9
G30,1955,1.29
G30,1997,0.9
G32,1955,1.42
G32,1997,0.7
GAGARIN,1975,5.2
GAISKAR F.,1969,0.75
GAISSBERG F.,1969,1.35
GAISSBERG F.,1975,1.35
GAJAP-YANACARCO,1980,1.2
GAKONA,1950,112.0
GALAMBRA RAMO OR.,1975,0.5
GALERAS,1850,1.0
GALERAS,1948,0.0
GALERIA,1998,7.25
GAMCHI,1973,1.73
GAMCHI,1975,1.73
GARABASHI,1991,4.47
GARIBALDI,1945,68.64
GARIBALDI,2007,67.7
GARMO,1971,114.6
GAULI,1973,13.7
GAULI,1975,13.7
GAVIA (VEDRETTA),1975,0.02
GAY,1975,0.46
GCN01,1998,0.87
GCN02,1998,6.91
GCN03,1998,0.1
GCN04,1998,0.57
GCN05,1998,0.49
GCN06,1998,0.15
GCN07,1998,2.36
GCN08,1998,3.95
GCN09,1998,51.46
GCN10,1998,4.36
GCN11,1998,0.14
GCN12,1998,0.02
GCN13,1998,1.26
GCN14,1998,0.04
GCN15,1998,6.4
GCN16,1998,0.2
GCN17,1998,0.13
GCN18,1998,0.19
GCN19,1998,0.01
GCN20,1998,1.17
GCN21,1998,1.94
GCN22,1998,1.23
GCN23,1998,0.43
GCN24,1998,2.76
GCN25,1998,1.19
GCN26,1998,17.25
GCN27,1998,6.37
GCN28,1998,0.64
GCN29,1998,1.98
GCN30,1998,1.87
GCN31,1998,2.1
GCN32,1998,0.95
GCN33,1998,0.78
GCN34,1998,0.21
GCN35,1998,1.91
GCN36,1998,1.88
GCN37,1998,14.39
GCN38,1998,9.47
GCN39,1998,6.92
GCN40,1998,15.06
GCN41,1998,3.1
GCN42,1998,30.91
GCN43,1998,0.44
GCN44,1998,2.46
GCN45,1998,0.96
GCN46,1998,1.28
GCN47,1998,0.87
GCN48,1998,0.88
GCN49,1998,3.62
GCN50,1998,0.14
GCN51,1998,0.79
GCN52,1998,0.32
GCN53,1998,0.34
GCN54,1998,3.06
GCN55,1998,0.08
GCN56,1998,2.33
GCN57,1998,1.75
GCN58,1998,1.58
GCN59,1998,0.45
GCN60,1998,2.9
GCN61,1998,0.26
GCN62,1998,1.67
GCN63,1998,0.75
GCN64,1998,0.77
GCN65,1998,0.74
GCN66,1998,1.09
GCN67,1998,0.38
GCN68,1998,4.1
GCN69,1998,0.49
GCN70,1998,0.3
GCN71,1998,1.06
GCN72,1998,0.49
GCN73,1998,0.47
GCN74,1998,0.13
GCN75,1998,0.34
GCN76,1998,0.35
GCN77,1998,0.36
GCN78,1998,0.39
GCN79,1998,0.32
GCN80,1998,0.44
GEBROULAZ,1980,2.76
GEDEBUKKEN WEST,2002,3.51
GELAS,1975,0.2
GELTEN,1973,1.17
GEMELLI DI BAN,1975,0.7
GEOGRAPHICHESKOGO OBSHCHESTVA,1974,64.4
GEPATSCH F.,1969,18.16
GEPATSCH F.,1975,17.7
GEPATSCH F.,1997,17.34
GERASIMOV,1975,7.1
GERGETI,1960,8.3
GERGETI,1975,8.3
GIASSON,1975,0.87
GIETRO,1973,5.94
GIETRO,1975,5.94
GIETRO,1985,5.54
GIETRO,1997,5.54
GIETRO,2003,5.54
GIGJOEKULL,1994,7.5
GIOGO ALTO (VEDR. DEL) / HOCHJOCHF.,1975,2.0
GIOGO ALTO (VEDR. DEL) / HOCHJOCHF.,1980,1.63
GL 08,1961,102.64
GL 08,2011,75.15
GL5,2002,10.8
GLACIER 3,1958,0.29
GLACIER NO. 354 (AKSHIYRAK),2011,6.47
GLACIER NO. 354 (AKSHIYRAK),2012,6.43
GLACIER NO. 354 (AKSHIYRAK),2013,6.42
GLACIER TONGUE NO 112 (PETZVAL),2005,46.3
GLACIER TONGUE NO 114 (DAQUERRE),2005,17.2
GLACIER TONGUE NO 201 (NEMO),2005,45.5
GLACIER TONGUE NO 210 (SNOWSHOE),2004,233.9
GLACIER TONGUE NO 220 (W HAVRE MTS),2009,72.2
GLACIER TONGUE NO 93 (LEONARDO),2010,51.3
GLACIER TONGUE NO 98 (ROZIER),2010,21.1
GLACIOLOG,1974,0.3
GLAERNISCH,1973,2.09
GLAERNISCH,1975,2.09
GLENMARY,1978,0.69
GLENO 5661,1975,0.07
GLENO 5662,1975,0.3
GLIAIRETTA VAUDET,1975,3.6
GLJUFURARJOEKULL,1965,3.5
GLJUFURARJOEKULL,1975,3.0
GLJUFURARJOEKULL,1995,3.0
GODLEY,1978,15.85
GOESSNITZ K.,1969,0.86
GOLDBERG K.,1969,1.27
GOLETTA,1975,3.02
GOLUBIN,1950,6.21
GOLUBIN,1964,5.6
GOLUBIN,1975,5.6
GOLUBIN,1985,6.21
GOLUBIN,1992,5.75
GOLUBIN,1999,5.1
GOLUBIN,2013,5.57
GORNER,1973,68.86
GORNER,1975,68.86
GORNER,2003,38.24
GOURDON GLACIER,2001,97.39
GOZHA,1988,33.47
GR. GOSAU G.,1969,1.48
GR. GOSAU G.,1975,1.48
GRAAFJELLSBREA,1975,18.5
GRAAFJELLSBREA,2007,8.41
GRAAFJELLSBREA,2008,8.4
GRAAFJELLSBREA,2013,8.05
GRAASUBREEN,1975,2.52
GRAASUBREEN,1980,3.03
GRAASUBREEN,2008,2.3
GRAASUBREEN,2009,2.12
GRAN NEYRON,1975,1.15
GRAN PARADISO,1975,0.68
GRAN PILASTRO (GHIAC. DEL) / GLIEDERF.,1975,2.5
GRAN PILASTRO (GHIAC. DEL) / GLIEDERF.,1980,2.62
GRAN SOMETTA,1975,0.06
GRAN VAUDALA,1975,0.34
GRAN ZEBRU (CENTRALE),1975,1.02
GRAND CROUX CENTR.,1975,2.0
GRAND DESERT,1973,1.85
GRAND DESERT,1975,1.85
GRAND ETRET,1975,0.75
GRAND PLAN NEVE,1973,0.2
GRAND PLAN NEVE,1975,0.2
GRANDE DEL NEVADO DEL PLOMO,2010,3.41
GRANDE ROCHERE,1975,0.12
GRANDES JORASSES,1975,0.76
GRANDES MURAILLES,1975,7.57
GRAWAWAND FERNER,1975,0.45
GRECHISHKIN,1979,14.2
GREGORIEV,1950,9.4
GREGORY,1975,0.08
GREGORY,1986,0.06
GREGORY,1987,0.05
GREGORY,1990,0.06
GREGORY,1993,0.03
GREGORY,2004,0.01
GREGORY,2011,0.0
GREVE,1976,542.46
GREVE,1986,438.0
GREVE,2009,487.68
GREWINGK,1950,71.73
GREY,1986,269.0
GREY & MAUD,1978,10.87
GRIES,1967,6.57
GRIES,1979,6.33
GRIES,1986,6.24
GRIES,1991,6.19
GRIES,1998,5.65
GRIES,2003,5.26
GRIES,2013,4.83
GRIESKOGL K.,1969,0.36
GRIESKOGL K.,1975,0.36
GRIESS(KLAUSEN),1973,2.48
GRIESS(KLAUSEN),1975,2.48
GRIESSEN(OBWA.),1973,1.27
GRIESSEN(OBWA.),1975,1.27
GRIFFIN,1978,2.1
GRIVOLA,1975,0.48
GRIVOLETTA,1975,0.2
GROSSE,1974,80.0
GROSSELEND K.,1969,2.76
GROSSER ALETSCH,1973,86.76
GROSSER ALETSCH,1975,86.76
GROSSER ALETSCH,1980,87.18
GROSSER ALETSCH,1999,83.01
GRUENAU F.,1969,1.93
GRUENAU F.,1975,1.85
GRUENAU F.,1997,1.72
GRUMANTBREEN,1936,2.85
GRUMANTBREEN,1995,1.94
GRUMANTBREEN,2001,1.56
GUALAS N-TONGUE,1974,166.9
GUALAS S-TONGUE,1974,166.9
GUALI,1987,0.66
GUALI,1992,0.43
GUALLATIRI ICE CAP,1972,8.99
GUALLATIRI ICE CAP,2010,2.62
GUANACO,1955,2.17
GUANACO,1976,2.11
GUANACO,1978,2.0
GUANACO,1996,1.93
GUANACO,2005,1.84
GUANACO,2007,1.83
GUANACO,2010,1.76
GUANACO,2011,1.78
GUANACO,2012,1.67
GUANACO,2013,1.69
GUANACO,2014,1.63
GUARDIAN,1989,0.14
GUARDIAN,1995,0.15
GUARDIAN NE,1995,0.12
GUARDIAN S,1995,0.02
GULIYA,1988,119.33
GULKANA,1954,18.5
GULKANA,1970,19.3
GULKANA,1974,18.36
GULKANA,1975,19.3
GULKANA,1993,18.1
GULKANA,1999,17.04
GULKANA,2012,16.7
GULKANA,2013,16.5
GULKANA,2014,16.4
GUNN,1978,0.77
GURGLER F.,1969,11.14
GURGLER F.,1975,11.14
GUSLAR F.,1889,4.22
GUSLAR F.,1969,2.98
GUSLAR F.,1975,1.76
GUSSFELDT,2005,14.67
GUSSFELDT,2010,12.63
GYAJO,1970,1.08
GYAJO,1975,1.08
HAABERGBREEN,1936,3.5
HAABERGBREEN,1995,2.14
HAABERGBREEN,2001,1.51
HABACH KEES,1975,5.03
HAGAFELLSJOEKULL E,1975,80.0
HAGAFELLSJOEKULL E,1993,105.0
HAGAFELLSJOEKULL W,1939,150.0
HAGAFELLSJOEKULL W,1975,100.0
HAGAFELLSJOEKULL W,2010,150.0
HAILUOGOU,1982,25.71
HAKKEFJELD NORTHEAST 1,2002,6.87
HAKKEFJELD NORTHEAST 2,2002,4.99
HALASI GL.,1980,30.13
HALASIHE NO.18,1980,12.99
HALLSTAETTER G.,1969,3.3
HALLSTAETTER G.,1975,3.3
HALONG GL.,1984,23.49
HALSJOEKULL,1993,0.5
HALVDANS FJORD NORTHEAST,2002,11.9
HAMAGURI YUKI,1975,0.01
HAMAGURI YUKI,1990,0.002
HAMAGURI YUKI,1995,0.003
HAMAGURI YUKI,2000,0.003
HANGE,1958,3.51
HANS TAUSEN ICE CAP,1997,95.0
HANSBREEN,1989,57.0
HANSBREEN,1990,56.74
HANSBREEN,1997,56.76
HANSEBREEN,1968,3.32
HANSEBREEN,1995,3.32
HANSEBREEN,2008,3.1
HANSEBREEN,2010,2.75
HARKER,2003,19.6
HARVARD,1975,437.4
HAVOC,1979,9.46
HEANEY,2003,15.4
HECTOR,1975,2.48
HEIM,1975,0.02
HEIM,1987,0.01
HEIM,1993,0.01
HEIM,2004,0.005
HEIMDALL,1971,7.96
HEIMDALL,1975,7.96
HEINABERGSJOEKULL,2010,85.0
HELGES HALVOE NORTHWEST,2002,1.7
HELGES HALVOE SOUTHWEST,2002,1.57
HELLSTUGUBREEN,1975,3.32
HELLSTUGUBREEN,1980,3.13
HELLSTUGUBREEN,2008,3.0
HELLSTUGUBREEN,2009,2.9
HELM,1975,3.1
HELM,1985,2.5
HENDERSON,1975,0.1
HIDDEN,1981,0.85
HINTEREIS FERNER,1969,9.7
HINTEREIS FERNER,1975,9.01
HINTEREIS FERNER,1995,8.72
HINTEREIS FERNER,1997,8.53
HINTEREIS FERNER,2013,6.65
HISPAR,1939,553.34
HOBBS GLACIER,2001,107.12
HOCHALM K.,1969,3.16
HOCHJOCH F.,1969,7.15
HOCHJOCH F.,1975,7.13
HOCHMOOS F.,1969,1.45
HOCHMOOS F.,1975,1.74
HODGES,2003,0.008
HOEGTUVBREEN,1975,2.6
HOEGTUVBREEN,1977,2.6
HOELLENTAL,1975,0.26
HOELLENTAL,1981,0.29
HOELLENTAL,1994,0.22
HOELLENTAL,1997,0.25
HOELLENTAL,2006,0.24
HOFFELLSJOEKULL W,1975,300.0
HOFFELLSJOEKULL W,1992,200.0
HOFMANNS K.,1969,1.13
HOFSJOEKULL E,1995,250.0
HOFSJOEKULL N,1983,90.6
HOFSJOEKULL N,1995,90.6
HOFSJOEKULL SW,1995,51.0
HOH,1979,4.89
HOHSAND SETT. (SABBIONE SETT.),1975,2.65
HOHSAND SETT. (SABBIONE SETT.),1983,1.98
HOOKER,1978,16.54
HORACE WALKER,1978,5.99
HORCONES INFERIOR,1974,10.5
HORCONES INFERIOR,2005,6.17
HORN K.(SCHOB.),1969,0.46
HORN K.(ZILLER),1969,4.19
HORN K.(ZILLER),1975,3.03
HORN K.(ZILLER),1997,3.41
HORN K.(ZILLER),1999,3.41
HORNBREEN,1936,268.0
HOTLUM GLACIER,1975,0.96
HOURGLASS,1975,4.19
HPN 1,1974,291.0
HPN 2,1974,175.2
HPN 3,1974,175.2
HPN 4,1974,58.0
HPS12,1986,204.0
HPS13,1986,141.0
HPS15,1986,174.0
HPS19,1986,176.0
HPS28,1986,63.0
HPS29,1986,82.0
HPS31,1986,161.0
HPS34,1986,137.0
HPS38,1986,62.0
HPS41,1986,71.0
HPS8,1986,38.0
HPS9,1986,55.0
HRUTARJOEKULL,1995,12.0
HT.OELGRUBEN F.,1969,0.24
HT.OELGRUBEN F.,1975,0.36
HUANDOY-ARTESONRAJU GLACIERS,1962,11.38
HUANDOY-ARTESONRAJU GLACIERS,2003,10.11
HUARAPASCA,1980,0.87
HUBBARD,1986,3400.0
HUBERT,1979,1.1
HUEFI,1973,13.73
HUEFI,1975,13.73
HUEMULES,1979,90.79
HUEMULES,2011,69.84
HUMES,1979,1.85
HUMO,1950,15.0
HURD,1956,5.24
HURD,2010,4.03
HURD,2013,4.03
HURLEY GLACIER,2001,79.36
HVIDE TELT NORTH 2,2002,1.54
HYLLGLACIAEREN,1975,1.45
HYLLGLACIAEREN,1980,1.4
HYLLGLACIAEREN,2014,1.06
HYRNINGSJOEKULL,1945,1.0
HYRNINGSJOEKULL,1995,2.0
ICE RIVER,1979,0.41
ICE WORM,1988,0.2
ICE WORM,1999,0.1
ICEFIELD,1946,0.07
ICEFIELD,1958,0.1
ICEFIELD,1990,0.1
ICEFIELD,2001,0.07
IGAN,1975,0.81
IGAN,1981,0.68
IGLI TUYUKSU,1975,1.72
IGLI TUYUKSU,1980,1.72
ILLECILLEWAET,1975,6.37
ILLSTIGBREEN,2006,0.98
INDREN OCC.,1975,1.68
INEXPLORADO 1,1987,14.4
INEXPLORADO 1,2011,9.65
INEXPLORADO 2,1987,18.69
INEXPLORADO 2,2012,13.48
INEXPLORADO 3,1987,17.65
INEXPLORADO 3,2013,12.49
INFIERNO E,1990,0.1
INFIERNO E,2005,0.01
INFIERNO W,1990,0.14
INFIERNO W,2005,0.06
INFIERNO WW,1990,0.04
INFIERNO WW,2005,0.0
INN.PIRCHLKAR,1969,0.62
INOSTRANZEVA,2009,669.47
INVERGNAN,1975,0.86
IRENEBREEN,2005,4.15
IRENEBREEN,2009,4.08
IRENEBREEN,2010,4.05
IRIK,1983,10.1
IRIKCHAT,1983,1.73
ISABELLE,1975,0.12
ISFALLSGLAC.,1975,1.4
ISFALLSGLAC.,1980,1.4
ISFALLSGLAC.,1990,1.4
ISFALLSGLAC.,2014,1.22
IVORY,1975,0.93
IVORY,1978,0.93
JACK,1978,0.14
JACKA,1980,0.95
JACKSON,1978,0.66
JAETTEFJORDEN NORTHEAST,2002,6.41
JALF,1978,0.54
JAMTAL F.,1969,4.13
JAMTAL F.,1975,4.36
JAMTAL F.,1995,3.8
JANKHU UYU,1950,0.35
JEREMY SYKES,1975,9.92
JOEKULHALS,1945,2.0
JOEKULHALS,1975,11.0
JOEKULKROKUR,1991,55.0
JOHNSONS,1956,5.62
JOHNSONS,2010,5.35
JOHNSONS,2013,5.35
JOSEPH,1975,0.03
JOSEPH,1987,0.01
JOSEPH,1993,0.006
JOSEPH,2004,0.0
JUNCAL NORTE,1955,7.37
JUNCAL NORTE,2011,7.22
JUNCAL SUR,1955,25.6
JUNCAL SUR,1995,33.5
JUNCAL SUR,2011,21.98
KA.TAUERN K. S,1969,0.22
KA.TAUERN K. S,1975,0.22
KAELBERSPITZ K.,1969,0.82
KAHUTEA,1978,0.75
KALAGEYULE WUK.,1971,153.24
KALDALONSJOEKULL,1975,38.0
KALDALONSJOEKULL,1995,37.0
KALESNIK,1961,3.6
KALESNIKA,1975,14.7
KALTWASSER,1975,1.85
KANGIUSAQ,1950,8.77
KANGWURE,1974,2.98
KANGWURE,2008,1.96
KARA-BATKAK,1975,4.1
KARA-BATKAK,1982,4.56
KARA-BATKAK,1992,4.19
KARABULAK,1970,0.7
KARABULAK,1975,0.7
KARACHAUL,1986,5.14
KARAKOLTOR,1964,14.0
KARALE GLACIER,2002,179.21
KARALE NORTH EAST,2002,137.61
KARAMBAR,1988,65.0
KARBASNIKOV,2009,73.07
KARLES F.,1969,1.61
KARLES F.,1975,1.54
KARLINGER K.,1969,4.0
KARLINGER K.,1975,4.04
KARSOJIETNA,1975,1.58
KARSOJIETNA,1990,1.23
KARSOJIETNA,2000,1.1
KARSOJIETNA,2014,0.94
KARTAYGAN,1975,1.5
KASHKATASH,2006,3.41
KAUTZ,1980,1.2
KAVRAYSKIY,1975,2.6
KEA,1978,0.98
KEGIKER,1971,83.56
KEHLEN,1973,3.15
KEHLEN,1975,3.15
KELDYKE,1956,5.8
KESSELWAND FERNER,1969,4.24
KESSELWAND FERNER,1975,4.24
KESSELWAND FERNER,1995,4.29
KESSELWAND FERNER,2013,3.6
KESSJEN,1973,0.61
KESSJEN,1975,0.61
KESSJEN,1982,0.42
KESSJEN,1991,0.33
KESSJEN,1999,0.2
KESSJEN,2004,0.19
KHADYRSHA,1966,5.6
KHAKEL,1965,2.7
KHAKEL,1975,2.7
KIBISHA,1960,1.9
KILIKILAT GLACIER SOUTH,2002,16.35
KILIMANJARO,1880,20.0
KILIMANJARO,1912,12.05
KILIMANJARO,1953,6.67
KILIMANJARO,1976,4.17
KILIMANJARO,1989,3.3
KILIMANJARO,2000,2.6
KILIMANJARO,2003,2.51
KIRCHIN,1970,2.2
KIRCHIN,1975,2.2
KIRKJUJOEKULL,2010,30.0
KIRTISHO,1975,4.6
KIZILGORUM,1968,2.1
KIZILGORUM,1975,2.1
KLEINE LORANG,1958,0.63
KLEINEISER K.,1969,0.25
KLEINEISER K.,1975,0.25
KLEINELEND K.,1969,3.04
KLEINFLEISS K.,1969,1.23
KLEINFLEISS K.,1975,1.57
KLOCKERIN K.,1969,0.57
KLOCKERIN K.,1975,0.57
KLOSTERTALER M,1969,0.5
KLOSTERTALER M,1975,0.45
KLOSTERTALER N,1969,0.61
KLOSTERTALER N,1975,0.62
KLOSTERTALER S,1969,0.33
KLOSTERTALER S,1975,0.4
KLYUEV,1970,5.9
KLYUEV,1975,5.9
KNOPFJELD WEST 1,2002,1.8
KOELDUKVISLARJ.,1995,334.0
KOELDUKVISLARJ.,2008,310.0
KOERBERBREEN,1961,10.3
KOETLUJOEKULL,2010,133.0
KOKANEE,1959,3.1
KOKANEE,1975,3.1
KOKBELES,1968,3.2
KOKBELES,1975,3.2
KOLPAKOVSKIY,1957,30.4
KOLPAKOVSKY,1950,26.2
KOLTOR VOSTOCHNIY,1943,4.1
KONG SKJOLD HALVOE GLETSCHERLUKKET WEST,2002,30.63
KONGMA,1978,0.19
KONGMA TIKPE,1978,0.02
KORELDASH,1957,2.8
KORELDASH,1975,5.5
KORUMDU,1975,5.2
KORUMDU,1985,5.2
KORUMDU,1991,4.85
KORYTO,1975,8.8
KORYTO,1982,8.8
KORZHENEVSKIY,1975,37.5
KOTARJOEKULL,1891,14.5
KOTARJOEKULL,2011,11.5
KOZELSKIY,1975,1.1
KOZELSKIY,1988,1.8
KOZELSKIY,1995,1.79
KRAPF,1975,0.04
KRAPF,1987,0.02
KRAPF,1993,0.02
KRAPF,2004,0.01
KRASOVSKIY,1975,2.8
KRIMMLER K.,1969,5.33
KRIMMLER K.,1975,7.52
KRIMMLER K. EAST,1975,7.52
KROPOTKIN,1985,0.6
KRUML K.,1969,1.03
KULAK NIZHNIY,1965,4.1
KUOTOTJAKKAGL.,1975,2.57
KVALFANGARBREEN,1936,14.96
KVERKJOEKULL,1993,29.0
KVIARJOEKULL,1975,20.0
KVIARJOEKULL,1995,24.0
KVISLAJOEKULL,2010,66.0
KYIMOSHUNG,1992,4.23
KYUKYURTLYU,1983,6.59
KYZYLKUL,1956,0.9
LA ALSACIA,1987,0.35
LA CABANA,1959,1.8
LA CABANA,1987,1.15
LA CABANA,1992,0.87
LA CRISTALINA,1987,0.41
LA LISA,1959,1.0
LA LISA,1987,0.6
LA LISA,1992,0.21
LA MARE (VEDRETTA DE),1975,2.5
LA MARE (VEDRETTA DE),1980,4.75
LA PALOMA,1989,2.47
LA PALOMA,2007,2.17
LA PAUL,1990,0.12
LA PAUL,2005,0.01
LA PEROUSE,1978,9.5
LA PLAZUELA,1987,0.52
LA PLAZUELA,1992,0.32
LADD,1907,1.07
LADD,2004,0.67
LAEMMERN (WILDSTRUBEL),1973,3.35
LAEMMERN (WILDSTRUBEL),1975,3.35
LAENGENTALER F.,1969,0.75
LAENGENTALER F.,1975,0.89
LAGO BIANCO,1975,0.09
LAGO DEL DESIERTO I,1950,0.83
LAGO DEL DESIERTO II,1950,1.92
LAGO DEL DESIERTO III,1950,0.95
LAGOL,1975,0.34
LAGUNA AZUL,1987,0.63
LAGUNA GRANDE,1994,3.81
LAGUNA GRANDE SE,1994,0.08
LAGUNA GRANDE W,1994,3.3
LAGUNILLAS,1984,5.8
LAGUNILLAS,1985,4.4
LAGUNILLAS,1987,1.56
LAGUNILLAS,1992,1.08
LAIKA GL + ICE,1975,9.82
LAIKA GLACIER,1975,4.27
LAKE SAFUNA,1975,6.5
LALONG,1976,10.5
LALONG,1984,10.43
LALONG,2001,10.29
LALONG,2005,10.25
LALONG,2009,10.21
LAMBERT,1978,9.32
LANA (VEDR. DI) / AEUSSERES LAHNER KEES,1980,1.69
LANDECK K.,1969,0.41
LANG,1973,10.03
LANG,1975,10.03
LANGFJORDJOEKELEN,1966,4.8
LANGFJORDJOEKELEN,1994,3.65
LANGFJORDJOEKELEN,2008,3.21
LANGMOCHE,1978,1.3
LANGTALER F.,1969,3.52
LANGTALER F.,1975,3.52
LAOHUGOU,1984,21.91
LAPATE NO.48,1981,6.07
LAPATE NO.51,1964,1.48
LAPATE NO.51,1981,1.48
LAPATE NO.51,1999,1.48
LAPATE NO.53,1981,1.8
LAPEROUSE,1964,76.0
LAPERWITZ K.,1969,2.05
LARAIN F.,1969,1.68
LARAIN F.,1975,1.64
LARES,1975,2.0
LARES,1981,6.24
LAS ARGUALAS,1990,0.3
LAS FRONDELLAS,1990,0.07
LAS FRONDELLAS,2005,0.01
LATSCH F.,1997,1.66
LAUSON,1975,0.46
LAVACCIU,1975,1.83
LAVASSEY,1975,1.5
LAVAZ,1973,1.76
LAVAZ,1975,1.76
LAWRENCE,1978,1.49
LAZG-TSITI,1975,1.8
LE BLANC,1978,1.66
LECONTE,1964,465.0
LECONTE,2000,293.76
LEEB-LORNTY,1978,3.46
LEFFINGWELL,1950,4.96
LEIRBREEN,1966,4.87
LEIRUFJARDARJOEKULL,1995,27.0
LENGUA,1998,3.62
LENTA,1973,1.4
LENTA,1975,1.4
LEONE (PENNINE),1975,0.16
LEONERA ALTA,1987,2.09
LEONERA ALTA,1992,1.32
LEONES,1974,62.0
LESCHAUX,1975,0.11
LEVIY AKTRU,1983,6.5
LEVIY AKTRU,1991,5.95
LEVIY KARAGEMSKIY,1991,4.04
LEWIS,1947,0.39
LEWIS,1975,0.31
LEWIS,1978,0.31
LEWIS,1987,0.24
LEWIS,1993,0.2
LEWIS,2004,0.13
LEWIS,2010,0.1
LEX BLANCHE,1975,4.09
LIESENSER F.,1969,3.57
LIESENSER F.,1975,4.17
LIMMERN,1973,2.39
LIMMERN,1975,2.39
LIMMERN,1977,2.41
LINDSAY,1978,0.02
LIOTARD,1947,33.5
LIOTARD,1963,28.55
LIOTARD,1973,31.85
LIOTARD,1985,25.25
LIOTARD,1989,24.65
LISCHANA,1973,0.21
LISCHANA,1975,0.21
LITEROLA,1990,0.08
LITUYA,1964,75.0
LITZNERGL.,1969,0.7
LITZNERGL.,1975,0.71
LLAIMA,1969,29.74
LLAIMA,2010,8.35
LLARDANA,1990,0.22
LLARDANA,2005,0.1
LLAWRENNY,1978,0.12
LLOSAS,1990,0.05
LLOSAS,2005,0.0
LO ZEBRU (VEDRETTA DE),1975,1.94
LOBBIA,1975,6.1
LOBBIA,1981,5.4
LODMUNDARJOEKULL,2010,1.9
LONQUIMAY,1961,2.75
LONQUIMAY,2011,0.74
LORANG,1958,3.8
LOS AMARILLOS,2005,1.11
LOS AMARILLOS,2009,1.07
LOS AMARILLOS,2013,0.9
LOS GEMELOS,1990,0.04
LOS GEMELOS,2005,0.08
LOS RITACUBAS,1994,7.34
LOS RITACUBAS NE,1994,0.2
LOS RITACUBAS W,1994,6.73
LOWELL,1951,530.0
LOWER CURTIS,1988,0.8
LOWER CURTIS,2000,0.8
LUNGA (VEDRETTA) / LANGENF.,1975,3.06
LUNGA (VEDRETTA) / LANGENF.,1980,2.62
LUNGA (VEDRETTA) / LANGENF.,2005,1.86
LUNGA (VEDRETTA) / LANGENF.,2008,1.77
LUNGA (VEDRETTA) / LANGENF.,2009,1.77
LUNGA (VEDRETTA) / LANGENF.,2011,1.66
LUNGA (VEDRETTA) / LANGENF.,2013,1.61
LUPO,1975,0.2
LUPO,2012,0.2
LYELL,1978,10.79
LYELL EAST,2004,0.14
LYELL WEST,2004,0.28
LYNCH,1988,0.8
LYNCH,1999,0.7
LYNGMARKSBRAE,1950,1.7
LYS,1975,11.83
LYSALFBJERG WEST,2002,20.95
M. OKTYABRSKIY,1946,32.0
MAC KEITH N,1957,31.7
MACA (LENGUA ESTE),1979,45.08
MACA (LENGUA ESTE),2011,27.62
MACAULAY,1978,0.86
MACLAREN,1964,68.0
MADACCIO (VEDR. DEL) / MADATSCHF.,1975,3.2
MAGNES FJORD GLETSCHER,2002,50.92
MAKA,2009,55.26
MALADETA,1990,0.75
MALADETA,1994,0.41
MALADETA,1995,0.5
MALADETA,2001,0.37
MALADETA,2002,0.36
MALADETA,2003,0.35
MALADETA,2004,0.34
MALADETA,2005,0.32
MALADETA,2006,0.31
MALADETA,2007,0.27
MALADETA,2008,0.29
MALADETA,2009,0.27
MALADETA,2010,0.28
MALADETA,2012,0.25
MALAVALLE (VEDR. DI) / UEBELTALF.,1982,9.42
MALAVALLE (VEDR. DI) / UEBELTALF.,2001,7.19
MALAVALLE (VEDR. DI) / UEBELTALF.,2008,6.16
MALAVALLE (VEDR. DI) / UEBELTALF.,2013,6.02
MALEDIA,1975,0.2
MALIY AKTRU,1975,3.8
MALIY AKTRU,1985,3.8
MALIY AKTRU,1991,2.73
MALIY AZAU,1987,8.47
MALYY BERELSKIY,1975,6.8
MALYY BERELSKIY,1980,8.9
MANDRONE,1975,11.93
MANDRONE,1980,12.38
MANSHUK MAMETOVA,1975,0.35
MANSHUK MAMETOVA,1980,0.35
MANSO,1975,19.06
MARBORECILINDRO,1990,0.25
MARBORECILINDRO,2005,0.07
MARCHANT,1978,1.19
MARINELLI,1931,190.48
MARINELLI,2011,116.0
MARION,1978,7.03
MARMADUKE DIXON,1978,0.77
MARMAGLACIAEREN,2000,3.9
MARMAGLACIAEREN,2014,3.36
MARMOLADA CENTR.,1975,3.05
MARMOLADA CENTR.,1982,2.6
MARMOLEJO GLACIER GROUP,1986,24.94
MARMOLEJO GLACIER GROUP,2010,14.65
MARMOTTE,1975,0.3
MARRET,1947,28.4
MARRET,1963,20.5
MARRET,1973,26.85
MARRET,1989,17.25
MARRET,1996,22.55
MARTELOT,1975,0.23
MARTIAL,1984,0.12
MARTIAL,2000,1.0
MARTIAL ESTE,2000,0.09
MARTINETS,1973,0.59
MARTINETS,1975,0.59
MARUKHSKIY,1966,3.3
MARUKHSKIY,1975,3.3
MARY-POWELL,1980,2.49
MARZELL F.,1969,5.14
MARZELL F.,1975,5.14
MAURER K.(GLO.),1969,0.49
MAURER K.(GLO.),1975,0.49
MAURER K.(VEN.),1969,2.03
MAURER K.(VEN.),1975,7.33
MAWER GLACIER,1965,43.66
MAY,1963,203.0
MAY,1973,228.0
MAY,1989,165.0
MAY,1997,190.0
MAYAKOVSKIY,1975,0.18
MAYAKOVSKIY,1980,0.18
MAZARSKIY,1971,18.5
MC CARTY,2006,118.76
MC COY,1978,1.05
MC WHAEBREEN,1950,4.26
MCCALL,1975,7.1
MCCALL,1993,7.23
MEDVEZHIY,1974,23.3
MEIGHEN ICE CAP,1960,85.0
MELANG,1950,13.0
MELHUISH,1975,0.01
MELIMOYU OESTE,1976,69.57
MELIMOYU OESTE,2011,55.59
MENDERS,1989,0.01
MENDERS,1995,0.0
MENDERS S,1954,0.0
MENTOLAT (LENGUA SUR),1979,5.62
MENTOLAT (LENGUA SUR),2011,3.35
MER DE GLACE,1975,33.0
MER DE GLACE,1978,33.0
MERA,2012,5.05
MEREN,1975,1.95
MEREN,2000,0.0
MESERVE MPII,1965,9.9
MGU,1981,0.78
MIAGE,1975,13.02
MIDDAGSTUVEBREEN,1999,2.29
MIDDLE TOKLAT,1954,10.85
MIDTRE FOLGEFONNA,1975,12.63
MIDTRE LOVENBREEN,1980,5.8
MIEGUSZOWIECKIE,1980,0.01
MIEGUSZOWIECKIE,1999,0.01
MIERS,1989,5.89
MIKELCHIRAN,1986,4.44
MIKKAJEKNA,1975,7.62
MIKKAJEKNA,1980,7.1
MIKKAJEKNA,2014,6.87
MINAPIN,1987,60.5
MINARET,1981,0.91
MINIERA,1975,0.5
MISERABLE,1975,3.28
MITTELALETSCH,1973,8.5
MITTELALETSCH,1975,8.5
MITTELBERG F.,1969,10.97
MITTELBERG F.,1975,15.2
MITTERKAR F.,1969,1.1
MITTERKAR F.,1975,1.1
MITTIVAKKAT,1972,17.6
MITTIVAKKAT,1997,30.0
MIZHIRGICHIRAN,1957,9.9
MJOELKEDALSBREEN,2003,3.21
MNA,1960,4.6
MNA,1975,4.6
MOCHO VOLCAN ICE CAP,1976,27.41
MOCHO VOLCAN ICE CAP,2005,4.8
MOCHO VOLCAN ICE CAP,2011,17.72
MODES FJORD GLETSCHER,2002,6.04
MOIDER GLACIER,2001,71.46
MOIDER GLACIER,2005,54.3
MOIRY,1973,6.11
MOIRY,1975,6.11
MOLINOS,1987,0.72
MOLINOS,1992,0.31
MOLODEZHNIY,1975,1.43
MOLODEZHNIY,1980,1.43
MOMING,1973,5.77
MOMING,1975,5.77
MON FRETY,1975,0.13
MON TABEL,1975,1.4
MONACHE OR. / NONNENF. OESTL.,1980,0.61
MONCIAIR,1975,0.53
MONCORVE,1975,2.23
MONEY,1975,1.86
MONFERRAT,1990,0.06
MONOS DE AGUA,1989,2.51
MONOS DE AGUA,2011,1.96
MONT BRAULE,1975,1.7
MONT DURAND,1973,7.59
MONT DURAND,1975,7.59
MONT FORT (ZINAL),1973,1.1
MONT FORT (ZINAL),1975,1.1
MONT GELE,1975,1.83
MONT MINE,1973,10.89
MONT MINE,1975,10.89
MONTANDEYNE,1975,1.22
MONTASIO OCC.,1975,0.07
MONTASIO OCC.,1985,0.08
MONTASIO OR.,1975,0.03
MONTE NEVOSO OCC. (VEDR. DI) / SCHNEEBIGER NOCK F. WESTL.,1975,0.48
MONTE NEVOSO OCC. (VEDR. DI) / SCHNEEBIGER NOCK F. WESTL.,1980,0.54
MOOMAW,1946,0.05
MOOMAW,1963,5.93
MOOMAW,1964,0.05
MOOMAW,1990,0.06
MOOMAW,1999,0.06
MOOMAW,2001,0.05
MORENO,1986,257.0
MORION OR.,1975,0.9
MORSARJOEKULL,1900,30.0
MORSARJOEKULL,1975,46.0
MORSARJOEKULL,1995,30.0
MORTERATSCH,1973,17.15
MOTTISCIA,1975,0.31
MOTZFELDT E,1950,1.43
MOTZFELDT W,1950,6.11
MOZUL,1987,1.32
MT DIXON,1980,1.98
MT OLSEN,1980,1.45
MUEHLBACHERBREEN,1936,62.1
MUELLER,1978,18.54
MULAJOEKULL S,1983,100.0
MULAJOEKULL S,1995,70.0
MULAJOEKULL W,1995,100.0
MULINET SETT.,1975,0.18
MURAION,1975,0.14
MURAVLEV,1984,0.92
MURAVLEV,1990,0.91
MURAVLEV,1995,1.4
MURCHISON,1978,36.57
MURKAR,1960,1.0
MUSHKETOV,1966,17.1
MUTMAL F.,1969,0.79
MUTMAL F.,1975,0.79
MUTNOVSKIY NE,1980,1.37
MUTNOVSKIY SW,1980,1.09
MUTT,1973,0.57
MUTT,1975,0.57
MUZHAERT,1980,137.7
N MOUNT REES G,2001,39.48
NABOBA,1989,0.16
NABOBA,1995,0.14
NADAHINI,1955,6.13
NADAHINI,1975,6.13
NAINUOGERU,1982,12.55
NAPASORSUAQ,1950,1.97
NARDIS OCC.,1975,2.03
NARDIS OCC.,1981,1.67
NARES,1980,3.5
NARSSAQ BRAE,1980,1.3
NASIGTARFIQ SOUTHWEST,2002,19.95
NATAVAS,1985,3.5
NAUTHAGAJOEKULL,1975,210.0
NAUTHAGAJOEKULL,1995,25.0
NAVAJO,1975,0.02
NE ADELAIDE I G,2001,233.65
NEF,1974,164.0
NEF,1979,132.73
NEF,2010,127.13
NEL CENTRALE,1975,1.06
NEL ORIENTALE,1975,0.28
NELLIE JUAN,1964,38.0
NEREIDAS,1959,4.5
NEREIDAS,1984,3.3
NEREIDAS,1987,4.2
NEREIDAS,1992,2.4
NEREIDAS,1997,0.68
NEVADO DE QUEULAT (LENGUA PRINCIPAL),1986,108.37
NEVADO DE QUEULAT (LENGUA PRINCIPAL),2011,84.83
NEVADO TRES CRUCES ICE CAP,1976,6.15
NEVADO TRES CRUCES ICE CAP,2008,1.71
NEVADOS DE CHILLAN,1975,16.02
NEVADOS DE CHILLAN,2011,2.73
NEVES OR. (GHIAC. DI) / NOEFESF. OESTL.,1975,2.1
NEVES OR. (GHIAC. DI) / NOEFESF. OESTL.,1980,2.27
NEW MOON,1983,0.99
NEWTON CLARK,1907,2.06
NEWTON CLARK,2004,1.4
NIEDERJOCH F.,1969,2.9
NIEDERJOCH F.,1975,2.9
NIGARDSBREEN,1975,46.61
NIGARDSBREEN,1980,48.2
NIGARDSBREEN,2008,47.8
NIGARDSBREEN,2009,47.16
NISCLI,1975,0.7
NISCLI,1981,0.66
NISQUALLY,1975,4.43
NISQUALLY,1980,4.6
NO.104,1985,1817.0
NO.131,1987,0.51
NO.191,1960,0.5
NO.211,1950,4.4
NO.324,1950,6.3
NO.392,1950,4.9
NO.393,1950,4.1
NO.394,1950,3.3
NO.396,1960,1.8
NO.503,1968,0.9
NO.507,1968,0.7
NO.517,1968,0.8
NO.675,1959,0.4
NO.676,1968,0.7
NOASCHETTA,1975,2.0
NOEICK,1964,8.9
NOISY CREEK,1993,0.53
NORDEND,1975,0.63
NOROCCIDENTAL,1982,0.1
NOROESTE,1950,51.5
NORRIS,1975,165.5
NORTH CRILLON,1964,52.0
NORTH KLAWATTI,1993,1.46
NORTH MOWICH,1980,6.17
NORTHEY,1975,0.03
NORTHEY,1987,0.01
NORTHEY,1993,0.009
NORTHEY,2004,0.003
NORTHWALL FIRN E,2000,1.22
NORTHWALL FIRN E,2002,1.17
NORTHWALL FIRN W,2000,0.28
NORTHWALL FIRN W,2002,0.24
NORTHWESTERN,1950,161.54
NUKA,1950,14.36
OB.GRINDELWALD,1973,10.07
OB.GRINDELWALD,1975,10.07
OBERAAR,1973,5.23
OBERAAR,1975,5.23
OBERALETSCH,1973,21.71
OBERALETSCH,1975,21.71
OBERSULZBACH K.,1969,11.57
OBERSULZBACH K.,1975,15.3
OBRUCHEV,1975,0.3
OBRUCHEV,1981,0.29
OCCIDENTAL,1976,188.35
OCCIDENTAL,1986,244.0
OCCIDENTAL,2009,165.91
OCHSENTALERGL.,1969,2.56
OCHSENTALERGL.,1975,2.58
OCHSENTALERGL.,1995,2.61
OEDENWINKEL K.,1969,2.22
OEDENWINKEL K.,1975,2.22
OELDUFELLSJOEKULL,1993,40.0
OESTE M,1950,3.1
OESTE N,1950,30.91
OESTE S L,1950,15.06
OESTE S R,1950,15.06
OFENTAL,1973,0.4
OFENTAL,1975,0.4
OFHIDRO,1986,116.0
OJEDA,1989,0.19
OJEDA,1995,0.16
OJEDA N,1995,0.09
OJEDA S,1995,0.07
OJOS DEL SALADO ICE CAP,1976,14.86
OJOS DEL SALADO ICE CAP,2003,6.76
OKPILAK,1950,9.12
OKPILAK-6,1950,0.48
OKSTINDBREEN,1981,14.0
OLIVARES ALFA,1986,8.92
OLIVARES ALFA,2011,6.1
OLIVARES BETA,1955,10.5
OLIVARES BETA,2011,8.56
OLIVARES GAMA,1955,14.7
OLIVARES GAMA,1997,13.5
OLIVARES GAMA,2011,12.52
ORDZHONIKIDZE,1975,0.31
ORDZHONIKIDZE,1979,0.31
OREN MERID.,1975,0.34
OREN SETTENR.,1975,0.6
ORTIGAS 1,1976,1.15
ORTIGAS 1,2010,0.81
ORTIGAS 2,1976,0.97
ORTIGAS 2,2010,0.71
OSAND MER. (SABBIONE MER.),1975,3.2
OSORNO,1961,11.94
OSORNO,2011,5.97
OSSOUE,2011,0.5
OTEMMA,1973,16.55
OTEMMA,1975,16.55
OTTO KRUMPENS FJORD GLACIER,2002,125.4
OULETTES,1950,0.16
OVERLORD,1977,2.6
PAIERLBREEN,1936,104.0
PAKHTAKOR,1961,2.8
PALUE,1973,6.62
PALUE,1975,6.62
PAN DE AZUCAR,1850,4.5
PAN DE AZUCAR,1960,0.0
PANEYROSSE,1973,0.45
PANEYROSSE,1975,0.45
PANMAH,1939,350.0
PANU,1976,13.18
PANU,1984,13.16
PANU,1991,13.01
PANU,2001,12.88
PANU,2005,12.86
PANU,2009,12.78
PARADIES,1973,4.6
PARADIES,1975,4.6
PARADISINO (CAMPO),1973,0.55
PARADISINO (CAMPO),1975,0.55
PARED NORTE,1974,78.5
PARED SUR,1974,30.6
PARINACOTA ICE CAP,1972,11.61
PARINACOTA ICE CAP,2007,8.18
PARK PASS,1978,3.02
PARRA LLERAS,1989,0.04
PARRA LLERAS,1995,0.0
PARRA LLERAS S,1954,0.0
PARTEJEKNA,1975,11.1
PARTEJEKNA,1980,11.1
PARTEJEKNA,1990,11.0
PARTEJEKNA,2000,10.0
PARTEJEKNA,2014,9.48
PARTIZAN,1975,0.14
PARTIZAN,1979,0.14
PASSO DEL DOSEGU,1975,0.14
PASSUSJIETNA E.,1975,1.76
PASSUSJIETNA E.,1980,1.7
PASSUSJIETNA E.,2014,0.89
PASSUSJIETNA W,1975,1.85
PASSUSJIETNA W,1990,1.6
PASSUSJIETNA W,2014,1.35
PASTERZE,1969,19.78
PASTERZE,1975,19.78
PASTERZE,2013,16.28
PASTORURI,1980,1.25
PATHETIC,1975,0.15
PATRO,1958,7.55
PAVLOV,2009,132.99
PEIRABROC,1975,0.1
PENDENTE (VEDR.) / HANGENDERF.,1982,1.38
PENDENTE (VEDR.) / HANGENDERF.,2001,1.06
PENDENTE (VEDR.) / HANGENDERF.,2013,0.85
PENE BLANCHE,1975,0.33
PENGUIN,1986,527.0
PENON,2005,4.42
PER ARDUA,1975,4.26
PERA CIAVAL,1975,0.18
PERCIA,1975,0.31
PERDIDO INF,1990,0.4
PERDIDO INF,2005,0.31
PERDIDO SUP,1990,0.23
PERDIDO SUP,2004,0.13
PERDIDO SUP,2005,0.05
PETEROA GLACIER GROUP,1985,11.29
PETEROA GLACIER GROUP,2011,3.71
PETERS,1958,123.0
PETERSEN,1950,1.17
PETERSEN (NOVZEM),2009,110.03
PETROV,1950,65.33
PEYTO,1975,13.4
PEYTO,1980,13.35
PFAFFEN F.,1969,1.21
PFANDLSCHARTEN,1969,0.55
PFANDLSCHARTEN,1975,0.55
PICACHO,1955,13.2
PICACHO,1994,1.93
PICACHO NE,1994,0.26
PICACHO W,1994,1.66
PICKET,2004,0.08
PICOS SIN NOMBRE,1955,3.6
PICOS SIN NOMBRE,1994,1.56
PICOS SIN NOMBRE  NE,1994,0.85
PICOS SIN NOMBRE  SE,1994,0.7
PIEDRAS BLANCAS,1950,5.6
PIERREDAR,1973,0.67
PIERREDAR,1975,0.67
PILOTO ESTE,2008,0.5
PILOTO ESTE,2010,0.54
PINGASIKAJIT NORTHWEST,2002,2.53
PINGO,1986,71.0
PIO XI (BRUEGGEN),1945,1145.0
PIO XI (BRUEGGEN),1986,1265.0
PIO XI (BRUEGGEN),1994,1277.0
PIO XI (BRUEGGEN),1995,1208.0
PIO XI (BRUEGGEN),1996,1265.0
PIODE,1975,1.7
PIODE,1983,2.55
PISAN,1967,12.82
PISCIS,1974,12.8
PISGANA OCC.,1975,3.44
PISGANA OCC.,1980,3.36
PITZTALERJOECHL,1975,0.18
PIZOL,1973,0.32
PIZOL,1975,0.32
PIZZO FERRE,1975,0.9
PIZZO SCALINO,1975,3.6
PIZZO SCALINO,1992,1.94
PJETURSSON,1950,1.46
PLACE,1975,3.96
PLACE,1985,3.7
PLANPINCIEUX,1975,1.15
PLATIGLIOLE,1975,0.31
PLATIGLIOLE,1980,0.31
PLATTALVA,1973,0.73
PLATTALVA,1975,0.73
PLATTES DES CHAMOIS,1975,0.7
POD BULA,1978,0.0034
POD BULA,1979,0.0034
POD BULA,1980,0.0033
POD BULA,1981,0.0006
POD BULA,1982,0.0008
POD BULA,1983,0.0012
POD BULA,1984,0.0011
POD BULA,1985,0.0005
POD BULA,1986,0.0016
POD BULA,1987,0.0016
POD BULA,1988,0.0022
POD BULA,1989,0.002
POD BULA,1990,0.0005
POD BULA,1991,0.0025
POD BULA,1992,0.0016
POD BULA,1993,0.001
POD BULA,1994,0.001
POD BULA,1995,0.0019
POD BULA,1996,0.0007
POD BULA,1997,0.0002
POD BULA,1998,0.0009
POD BULA,1999,0.0003
POD BULA,2000,0.0006
POD BULA,2001,0.0005
POD BULA,2002,0.0
POD BULA,2003,0.0
POD BULA,2004,0.0019
POD BULA,2005,0.0022
POD BULA,2006,0.0024
POD BULA,2007,0.0005
POD BULA,2008,0.0013
POD BULA,2009,0.0035
POD BULA,2010,0.002
POD BULA,2013,0.0002
POD CUBRYNA,1980,0.01
POET,1978,0.61
POINT 1001 SOUTH,2002,17.15
POINT 1050 NORTH,2002,13.65
POINT 1060 WEST,2002,2.53
POINT 1080 SOUTHEAST,2002,8.07
POINT 1080 SOUTHWEST,2002,15.43
POINT 1240 WEST,2002,42.28
POINT 1380 WEST,2002,30.61
POINT 850 SOUTH,2002,23.08
POINT 950 SOUTHWEST,2002,4.15
POKALDE,2011,0.08
POLLOCKBREEN,1950,0.96
POMERAPE ICE CAP,1972,9.38
POMERAPE ICE CAP,2007,4.88
POPERA OCC.,1975,0.19
POPOV,1950,8.6
PORCHABELLA,1973,2.59
PORCHABELLA,1975,2.59
POROLA,1975,0.16
PORTAGE,1964,33.0
POSETS,1990,0.1
POSETS,2005,0.2
POTRERILLOS,2009,0.25
POURQUOI PAS,1947,110.0
POURQUOI PAS,1963,111.75
POURQUOI PAS,1973,88.55
POURQUOI PAS,1989,67.6
POURQUOI PAS,1996,72.25
PRA FIORITO,1975,0.27
PRAEGRAT K.,1969,0.95
PRAEGRAT K.,1975,1.44
PRAPIO,1973,0.36
PRAPIO,1975,0.36
PRAVIY AKTRU,1975,4.8
PRAVIY AKTRU,1978,4.8
PRAVIY KARAGEMSKIY,1991,2.03
PRE DE BAR,1975,3.53
PREDAROSSA,1975,0.88
PRESANELLA,1975,3.92
PRESANELLA,1980,3.92
PROFA,1975,0.17
PRUDENZINI,1975,0.02
PUNTA SFORZELLINA OCC.,1975,0.05
PUNTA SFORZELLINA SETT.,1975,0.14
PUNTA ZARRA,1990,0.02
PUNTA ZARRA,2005,0.01
PUNTEGLIAS,1973,0.93
PUNTEGLIAS,1975,0.93
PUNTIAGUDO,1987,3.06
PUNTIAGUDO,2005,2.4
PURACE,1850,3.5
PURACE,1940,0.0
PURGATORY,1978,13.9
PUYALLUP,1980,5.09
PUYEHUE,1985,3.17
PUYEHUE,2011,2.71
PYRAMIDEN SOUTH,2002,28.19
QIANGYONG,1980,8.7
QIERGANBULAK,1960,13.0
QINGUA KUJALLEQ,1950,57.0
QIYI,1985,2.98
QUAIRA BIANCA (VEDR. DELLA) / WEISSKARF.,1975,1.31
QUAIRA BIANCA (VEDR. DELLA) / WEISSKARF.,1980,1.41
QUEETS,1979,0.56
QUELCCAYA,1975,70.0
QUELCCAYA,1976,55.0
QUINDIO,1850,4.3
QUINDIO,1946,0.16
QUINDIO,1960,0.0
QUNTAILAN,1971,165.38
RABOTS GLACIAER,1910,4.57
RABOTS GLACIAER,1975,4.22
RABOTS GLACIAER,1980,3.82
RABOTS GLACIAER,1989,3.75
RABOTS GLACIAER,1990,3.9
RABOTS GLACIAER,2000,3.9
RABOTS GLACIAER,2014,3.51
RAE,1952,0.4
RAETZLI (PLAINE MORTE),1973,9.8
RAETZLI (PLAINE MORTE),1975,9.8
RAGNARBREEN,1950,6.65
RAIGORODSKIY,1970,6.0
RAIGORODSKIY,1975,6.0
RAINBOW,1989,1.55
RAINBOW,2000,1.6
RAM RIVER,1975,1.8
RAMA,1968,6.6
RAMIREZ,1989,0.14
RAMIREZ,1995,0.11
RAMSAY,1978,9.2
RAMUDLA (VEDR. DI) / RAMUDELF.,1975,0.33
RAYES NOIRES (ROSSA),1975,0.25
REBBIO,1975,0.36
RECIO,1959,1.8
RECIO,1984,3.2
RECIO,1987,1.65
RECIO,1992,1.42
RECIO,1997,0.25
REICHER,1979,91.88
REICHER,2011,83.1
REICHER NE,1974,91.5
REICHER SW,1974,91.5
REID (CASCADE RNG),1907,0.79
REID (CASCADE RNG),2004,0.51
REINA,1989,1.51
REINA,1995,1.7
REINA N,1995,1.45
REINA SE,1995,0.08
REINA SW,1995,0.16
REINVIKISEN,2001,0.13
REISCHEK,1978,1.72
REMBESDALSKAAKA,1975,17.44
REMBESDALSKAAKA,1980,18.52
REMBESDALSKAAKA,2008,17.1
REMBESDALSKAAKA,2010,17.26
RETREAT,1978,0.3
RETTENBACH F.,1969,1.79
RETTENBACH F.,1975,1.79
REYKJAFJARDARJOEKULL,1900,25.0
REYKJAFJARDARJOEKULL,1969,25.0
REYKJAFJARDARJOEKULL,1995,22.0
RHONE,1969,18.43
RHONE,1973,17.38
RHONE,1975,17.38
RHONE,1980,16.45
RHONE,1991,16.45
RHONE,2013,15.8
RICHARDSON,1978,3.86
RIDGE,1978,0.84
RIED,1973,8.26
RIED,1975,8.26
RIES OCC. (VEDR. DI) / RIESERF. WESTL.,1975,2.59
RIES OCC. (VEDR. DI) / RIESERF. WESTL.,1980,2.57
RIES OR. (VEDR. DI) / RIESERF. OESTL.,1975,0.35
RIES OR. CENTR. / RIESERF. OESTL. ZENTR.,1975,1.43
RIES OR. CENTR. / RIESERF. OESTL. ZENTR.,1980,2.57
RIFFL K. N,1969,0.26
RIFFL K. N,1975,0.26
RIFFLKAR KEES,1969,1.01
RIFFLKAR KEES,1975,0.14
RIKHA SAMBA,1958,4.8
RIKHA SAMBA,1975,4.81
RIKHA SAMBA,1994,4.62
RIKHA SAMBA,2011,5.7
RISOPATRON,1955,5.4
RISOPATRON,1997,4.9
RIUKOJIETNA,1975,2.59
RIUKOJIETNA,1978,4.2
RIUKOJIETNA,2000,4.1
RIUKOJIETNA,2014,3.52
ROBINERA,1990,0.1
ROBSON,1975,13.0
ROCHEFORT,1975,0.66
"ROCHEMELON, GLACIER DE",2004,1.6
ROCKFALL,1957,4.82
ROERIKS BJERG SOUTH,2002,12.79
ROFENKAR F.,1969,1.29
ROFENKAR F.,1975,1.26
ROLLESTON,1978,0.23
ROLLESTON,2010,0.11
ROLLESTON,2011,0.11
ROLLESTON,2013,0.11
ROLLESTON,2014,0.11
RONGBU,1972,86.89
ROSEG,1973,8.72
ROSEG,1975,8.72
ROSENLAUI,1870,6.2
ROSENLAUI,1973,6.2
ROSENLAUI,1975,6.2
ROSENLAUI,2006,5.9
ROSIM (VEDR. DI) / ROSIMF.,1980,0.78
ROSOLE,1975,1.11
ROSS,2003,100.7
ROSSA (VEDR.),1975,0.84
ROSSA (VEDR.),1980,1.24
ROSSBODEN,1973,1.89
ROSSBODEN,1975,1.89
ROSSO DESTRO,1980,0.88
ROTFIRN NORD,1973,1.21
ROTFIRN NORD,1975,1.21
ROTMOOS F.,1969,3.17
ROTMOOS F.,1975,3.17
RUIZ ERAZO,1989,0.17
RUIZ ERAZO,1995,0.29
RUIZ ERAZO N,1995,0.19
RUIZ ERAZO S,1995,0.1
RUIZ WILCHES,1989,0.34
RUIZ WILCHES,1995,0.31
RUIZ WILCHES N,1995,0.17
RUIZ WILCHES S,1995,0.14
RUNDE KEGLEFJELD NORTHEAST 1,2002,16.17
RUNDE KEGLEFJELD NORTHEAST 3,2002,4.83
RUNDEKEGLEFJELD SOUTH,2002,13.38
RUNDVASSBREEN,2011,10.93
RUOPSOKJEKNA,1975,3.63
RUOPSOKJEKNA,1980,3.5
RUOPSOKJEKNA,2014,3.15
RUOTESJEKNA,1975,5.41
RUOTESJEKNA,1980,5.2
RUOTESJEKNA,2014,4.58
RUTOR,1975,9.54
RYKACHEVA,2009,293.23
RYPEFJELDET SOUTH,2002,25.02
S MAC KEITH,1957,39.0
SAARLOQ,1950,4.27
SAINT SORLIN,1977,3.0
SALAJEKNA,1975,24.5
SALAJEKNA,1980,24.5
SALAJEKNA,2014,27.93
SALARNO,1975,0.38
SALDURA MER. (VEDR. DI) / SALURNF. SUEDL.,1975,0.36
SALE,1978,0.95
SALEINA,1973,5.03
SALEINA,1975,5.03
SALENCAS,1990,0.1
SALENCAS,2005,0.0
SAMARINBREEN,1936,108.0
SAN GIACOMO,1975,0.14
SAN JOSE,1986,9.23
SAN JOSE,2010,8.0
SAN PABLIN NORTE,1955,2.93
SAN PABLIN NORTE,1994,1.95
SAN PABLIN SUR,1994,1.96
SAN QUINTIN,1935,836.35
SAN QUINTIN,1974,765.0
SAN QUINTIN,2011,785.64
SAN RAFAEL,1871,819.74
SAN RAFAEL,1974,760.0
SAN RAFAEL,2011,740.37
SANDALEE,1996,0.2
SANDFORD,1963,42.1
SANDFORD,1973,64.4
SANDFORD,1989,17.35
SANDFORD,1997,14.4
SANDY,1907,1.61
SANDY,2004,0.96
SANKT ANNA,1973,0.44
SANKT ANNA,1975,0.44
SANTA ROSA,1961,1.82
SANTA ROSA,1983,2.35
SAQQAQ,1950,8.83
SARDONA,1973,0.38
SARDONA,1975,0.38
SARENNES,1975,0.83
SARENNES,1981,0.67
SARENNES,1990,0.5
SARENNES,2014,0.09
SARY TOR (NO.356),1950,3.05
SARY TOR (NO.356),1984,3.61
SASKATCHEWAN,1956,30.06
SASKATCHEWAN,1975,30.06
SASSO LUNGO OCC. (VEDR. DI) / LENKSTEINF. WESTL.,1980,1.92
SATPAYEV,1975,7.0
SATSCHEN SANGO,1958,10.95
SATUJOEKULL,1991,90.0
SATUJOEKULL,1995,91.0
SAUANUTBREEN,2002,7.65
SAVORETTA,1975,0.34
SAYIGAPEIR,1971,14.07
SCAIS,1975,0.26
SCALETTA,1973,0.66
SCERSCEN INFERIORE,1975,7.0
SCHALF F.,1969,8.62
SCHALF F.,1975,8.47
SCHATTENSPITZ,1969,0.58
SCHATTENSPITZ,1975,0.66
SCHAUFEL F.,1969,0.92
SCHAUFEL F.,1975,1.46
SCHIAPARELLI,1947,26.79
SCHIAPARELLI,2005,24.78
SCHLADMINGER G.,1969,0.81
SCHLADMINGER G.,1975,0.81
SCHLAPPEREBEN K.,1969,0.74
SCHLATEN K.,1969,9.36
SCHLATEN K.,1975,11.27
SCHLEGEIS K.,1969,5.39
SCHLEGEIS K.,1975,5.39
SCHLEGEIS K.,1997,4.54
SCHLEGEIS K.,1999,4.08
SCHMIEDINGER K.,1969,1.81
SCHMIEDINGER K.,1975,1.81
SCHNEEFERNER N,1975,0.37
SCHNEEFERNER N,1979,0.4
SCHNEEFERNER N,1992,0.31
SCHNEEFERNER N,1997,0.34
SCHNEEFERNER N,2006,0.3
SCHNEEFERNER S,1975,0.17
SCHNEEFERNER S,1979,0.16
SCHNEEFERNER S,1992,0.06
SCHNEEFERNER S,1997,0.1
SCHNEEFERNER S,2006,0.08
SCHNEEGLOCKEN,1969,0.68
SCHNEEGLOCKEN,1975,0.72
SCHNEELOCH G.,1969,0.23
SCHNEELOCH G.,1975,0.23
SCHOENACH K.,1969,1.09
SCHWARZ,1973,1.6
SCHWARZ,1975,1.6
SCHWARZBERG,1967,6.29
SCHWARZBERG,1973,6.2
SCHWARZBERG,1975,6.2
SCHWARZBERG,1982,5.9
SCHWARZBERG,1991,5.67
SCHWARZBERG,1999,5.46
SCHWARZBERG,2004,5.33
SCHWARZENBERG F.,1969,1.59
SCHWARZENBERG F.,1975,1.84
SCHWARZENSTEIN,1969,4.93
SCHWARZENSTEIN,1975,4.63
SCHWARZENSTEIN,1997,4.12
SCHWARZENSTEIN,1999,4.11
SCHWARZKARL K.,1969,0.47
SCHWARZKARL K.,1975,0.47
SCHWARZKOEPFL K.,1969,0.54
SCHWARZKOEPFL K.,1975,0.54
SCHWEIKERT F.,1997,0.79
SCOTT,1975,16.24
SE KASKASATJ GL,1980,0.6
SE KASKASATJ GL,2014,0.49
SEA,1975,0.62
SENGIE SETT.,1975,1.0
SENTINEL,1975,1.99
SENTINEL,1985,1.77
SEPARATION,1978,1.53
SERANA (VEDR.) / SCHRANF.,1980,1.18
SERMIARSUIT,1950,20.33
SERMIKAVSAK,1950,22.46
SERMINNGUAQ,1950,79.07
SERMITSIAQ,1950,23.8
SESIA,1975,1.07
SESVENNA,1973,0.67
SESVENNA,1975,0.67
SEVERTSOV,1970,2.6
SEVERTSOV,1975,2.6
SEX ROUGE,1973,0.72
SEX ROUGE,1975,0.72
SEXEGERTEN F.,1969,2.52
SEXEGERTEN F.,1975,2.83
SFORZELLINA,1975,0.29
SFORZELLINA,1981,0.39
SFULMINI,1975,0.18
SHAIGIRI,1958,3.69
SHAMBLES GLACIER,2001,273.39
SHAUNE GARANG,1990,4.97
SHCHUKIN,1975,6.5
SHCHUROVSKIY,1950,21.4
SHELDON GLACIER,2001,196.88
SHELDON GLACIER,2005,191.8
SHOESTRING A,1979,0.64
SHOESTRING B,1980,0.21
SHOKAL'SKOGO,2009,455.65
SHOKALSKIY,1975,10.8
SHOKALSKIY,1980,10.8
SHUIGUANHE NO.4,1984,1.86
SHULTS,1975,1.8
SHUMSKIY,1975,2.9
SHUMSKIY,1984,2.83
SHUMSKIY,1985,2.83
SHUMSKIY,1986,2.82
SHUMSKIY,1987,2.82
SHUMSKIY,1988,2.82
SHUMSKIY,1989,2.82
SHUMSKIY,1990,2.81
SIACHEN,1998,1078.26
SIEGE,1978,1.19
SIERRA DE NIEVECITAS,1955,0.56
SIERRA DE NIEVECITAS,1994,0.0
SIERRA NEVADA,1961,11.78
SIERRA NEVADA,2010,6.96
SIERRA NEVADA DE EL COCUY,1850,148.7
SIERRA NEVADA DE EL COCUY,1955,38.9
SIERRA NEVADA DE EL COCUY,1985,35.7
SIERRA NEVADA DE EL COCUY,1986,31.45
SIERRA NEVADA DE EL COCUY,1994,23.7
SIERRA NEVADA DE EL COCUY,2003,19.8
SIERRA NEVADA DE SANTA MARTA,1850,82.6
SIERRA NEVADA DE SANTA MARTA,1939,21.4
SIERRA NEVADA DE SANTA MARTA,1954,19.4
SIERRA NEVADA DE SANTA MARTA,1969,17.5
SIERRA NEVADA DE SANTA MARTA,1981,16.1
SIERRA NEVADA DE SANTA MARTA,1989,12.0
SIERRA NEVADA DE SANTA MARTA,1995,11.1
SIERRA NEVADA DE SANTA MARTA,2002,7.94
SIERRA VELLUDA,1985,18.58
SIERRA VELLUDA,2011,11.72
SIGONHE NO.4,1962,2.96
SIGONHE NO.5,1962,3.47
SIGYNS GLETSCHER,2002,60.08
SILLAJHUAY ICE CAP,1972,5.32
SILLAJHUAY ICE CAP,2008,1.22
SILVER,1993,0.48
SILVRETTA,1973,3.25
SILVRETTA,1975,3.25
SILVRETTA,2003,2.89
SILVRETTA,2013,2.74
SIMMING F.,1969,0.88
SIMMING F.,1975,2.52
SIMONS,1989,2.79
SIMONS,1995,2.99
SIMONS NE,1995,2.12
SIMONS NW,1995,0.56
SIMONS S,1995,0.3
SIMONY K.,1969,2.78
SIMONY K.,1975,4.16
SINCLAIR,1978,0.47
SIRWOLTE,1973,0.45
SISSARISSUT,1950,19.08
SKAFTAFELLSJOEKULL,1975,83.0
SKAFTAFELLSJOEKULL,1995,85.0
SKALAFELLSJOEKULL,1975,260.0
SKALAFELLSJOEKULL,1995,100.0
SKAZKA,1969,2.0
SKEIDARARJOEKULL E1,1995,850.0
SKEIDARARJOEKULL E2,1995,850.0
SKEIDARARJOEKULL E3,1995,850.0
SKEIDARARJOEKULL M,2010,530.0
SKEIDARARJOEKULL W,1975,1630.0
SKEIDARARJOEKULL W,1995,530.0
SKJOLDMOEEN GLETSCHER,2002,34.22
SKOGACH,1971,12.6
SKRUEN NORTH,2002,6.43
SLETTJOEKULL,2010,100.0
SMALL RIVER,1989,5.8
SNEHATTEN SOUTH,2002,14.35
SNEHATTEN SOUTHEAST,2002,11.43
SNEHATTEN WEST 1,2002,8.45
SNEHATTEN WEST 2,2002,23.09
SNESHNIKA,2002,0.007
SNOW WHITE,1978,5.54
SNOWBALL,1978,3.31
SNOWY,1986,23.0
SOBRETTA NE (VEDR. MOLERBI),1975,0.15
SOCHES TSANTELEINA,1975,3.4
SOFIYSKIY,1950,12.0
SOLATSET,1975,0.6
SOLDA (VEDRETTA DI) / SULDENF.,1975,5.99
SOLDA (VEDRETTA DI) / SULDENF.,1980,6.48
SOLER,1974,51.0
SOLHEIMAJOEKULL W,1975,78.0
SOLHEIMAJOEKULL W,1995,44.0
SOQQAAP,1950,15.46
SORAPIS CENTRALE,1975,0.22
SORAPIS OCC.,1975,0.25
SORAPIS OR.,1975,0.31
SORBREEN,1950,10.0
SOTARA,1850,3.0
SOTARA,1948,0.0
SOUM RAMOND SE,1990,0.05
SOUM RAMOND SW,1990,0.1
SOUTH CASCADE,1975,2.72
SOUTH CASCADE,1985,2.52
SOUTH CASCADE,1986,2.51
SOUTH CASCADE,1987,2.51
SOUTH CASCADE,1988,2.5
SOUTH CASCADE,1989,2.5
SOUTH CASCADE,1990,2.5
SOUTH CASCADE,1991,2.1
SOUTH CASCADE,1992,2.09
SOUTH CASCADE,1993,2.08
SOUTH CASCADE,1994,2.05
SOUTH CASCADE,1995,2.03
SOUTH CASCADE,1996,2.03
SOUTH CASCADE,2000,1.95
SOUTH CASCADE,2002,1.92
SOUTH CASCADE,2003,1.89
SOUTH CASCADE,2004,1.82
SOUTH CASCADE,2005,1.75
SOUTH CASCADE,2006,1.74
SOUTH CASCADE,2007,1.73
SOUTH CASCADE,2008,1.73
SOUTH CASCADE,2009,1.72
SOUTH CRILLON,1964,29.0
SOUTH ICE CAP,1961,66.0
SOUTH MOWICH,1980,3.52
SOUTHEAST LYELL,1975,15.6
SOUTHWALL HANGI,1975,0.2
SPEKE,1975,0.38
SPENCER,1978,10.07
SPHINX,1951,4.74
SPHINX,1975,4.74
SPIEGEL F.,1969,1.11
SPIEGEL F.,1975,1.11
SPOERTEGGBREEN,1988,27.94
SQUARE BAY,2009,22.3
ST VRAIN NO 1,1975,0.07
ST VRAIN NO 2,1975,0.04
ST VRAIN NO 3,1975,0.04
ST VRAIN NO 4,1975,0.02
ST VRAIN NO 5,1975,0.04
ST VRAIN NO 6,1975,0.07
ST VRAIN NORTH,1946,0.13
ST VRAIN NORTH,1953,0.12
ST VRAIN NORTH,1963,0.14
ST VRAIN NORTH,1964,0.15
ST VRAIN NORTH,1990,0.15
ST VRAIN NORTH,1999,0.16
ST VRAIN NORTH,2001,0.14
ST. JAMES,1978,0.98
STAERKODDERS VIG SOUTH,2002,41.29
STAIRCASE,1978,1.64
STEFFEN,1974,454.0
STEGHOLTBREEN,1975,16.7
STEGHOLTBREEN,1980,15.34
STEIN,1875,6.3
STEIN,1973,6.52
STEIN,1975,6.52
STEIN,2007,5.6
STEINLIMMI,1973,2.21
STEINLIMMI,1975,2.21
STEPHENSON,1980,31.89
STORBREEN,1940,5.94
STORBREEN,1951,5.73
STORBREEN,1968,5.6
STORBREEN,1975,5.43
STORBREEN,1984,5.35
STORBREEN,1986,5.26
STORBREEN,1997,5.36
STORBREEN,2008,5.4
STORBREEN,2009,5.14
STORE SUPPHELLEBREEN,1966,11.81
STORE SUPPHELLEBREEN,1975,15.7
STORGLACIAEREN,1959,3.33
STORGLACIAEREN,1975,3.06
STORGLACIAEREN,2000,3.1
STORGLACIAEREN,2014,3.09
STORGLOMBREEN,1968,59.16
STORSTEINSFJELLBREEN,1975,6.34
STORSTEINSFJELLBREEN,1997,5.9
STOUR RAEITAGL.,1975,2.0
STOUR RAEITAGL.,1980,1.8
STOUR RAEITAGL.,2014,1.57
STRAUCHON,1978,3.62
STRUPBREEN,2001,9.51
STUART,1978,0.67
STUBACHER SONNBLICK KEES,1975,1.77
STUBACHER SONNBLICK KEES,1980,1.77
STUBACHER SONNBLICK KEES,1995,1.5
STYGGEBREAN,2003,4.92
STYGGEDALSBREEN,1975,3.0
STYGGEDALSBREEN,1980,1.81
SUATISI SREDNIY,1960,2.5
SUATISI SREDNIY,1975,2.5
SUEK/SUYOK ZAPADNIY,1977,1.25
SULZ,1973,0.2
SULZ,1975,0.2
SULZENAU F.,1969,4.77
SULZENAU F.,1975,4.67
SULZENAU F.,1997,4.47
SULZTAL F.,1969,4.14
SULZTAL F.,1975,4.48
SUOTTASJEKNA,1975,8.11
SUOTTASJEKNA,1980,7.9
SUOTTASJEKNA,2014,7.25
SUPERGUKSOAK,1981,1.4
SURETTA,1973,1.17
SURETTA,1975,1.17
SURETTA MERID.,2012,0.16
SURF,1979,1.01
SUSITNA,1964,323.0
SVARTENUTBREEN,2002,7.13
SVARTISHEIBREEN,1985,5.48
SVELGJABREEN,2007,22.45
SVELGJABREEN,2008,22.5
SVELGJABREEN,2013,22.35
SVINAFELLSJOEKULL,1975,37.0
SVINAFELLSJOEKULL,1976,24.0
SVINAFELLSJOEKULL,1995,24.0
SYKORA,1982,25.35
TAELLIBODEN,1967,0.51
TAELLIBODEN,1973,0.26
TAELLIBODEN,1975,0.26
TAHOMA NORTH-L.,1980,8.63
TAHOMA SOUTH-L.,1980,2.82
TAILLON,1990,0.02
TAKU,1975,852.1
TALGAR YUZHNIY,1969,1.8
TALGAR YUZHNIY,1975,1.8
TANGSE NO. 2,1976,3.13
TANGSE NO. 2,1991,3.02
TANGSE NO. 2,2001,2.96
TANGSE NO. 2,2005,2.95
TANGSE NO. 2,2009,2.89
TAP,1958,2.78
TAPADO,1955,3.6
TAPADO,2005,1.2
TAPOU,1990,0.06
TAPOU,2005,0.0
TARAMONA,1975,0.04
TARAMUZ-I,1975,1.4
TARFALAGLACIAEREN,1980,0.86
TARFALAGLACIAEREN,2014,0.96
TASCHACH F.,1969,6.67
TASCHACH F.,1975,8.16
TASMAN,1975,100.9
TASMAN,1978,98.34
TATRAS PATCHES,1984,0.7
TATS,1989,25.5
TAUERN K.,1969,0.27
TAUERN K.,1975,0.27
TAUFKAR F.,1969,0.44
TAUFKAR F.,1975,0.44
TAVLEBREEN,1950,10.9
TAYRONA,1989,0.26
TAYRONA,1995,0.23
TAYRONA S,1954,0.0
TBILISA,1971,3.75
TCHAIKAZAN,1951,21.35
TCHAIKAZAN,1975,21.35
TEBENKOF,1964,28.0
TEISCHNITZ K.,1969,2.07
TEKESHSAI-I,1970,1.1
TEKESHSAI-I,1975,1.1
TELECCIO,1975,0.38
TEMPANO,1986,332.0
TEMPESTADES,1990,0.3
TEMPESTADES,2005,0.0
TERRIFIC,1977,4.57
TERSKOL,1987,7.53
TESSA (VEDR. DI) / TEXELF.,1958,0.79
TESSA (VEDR. DI) / TEXELF.,1975,0.8
TESSONET MER.,1975,0.54
TEWAEWAE,1978,0.59
THERMA,1978,26.38
THOMPSON GLACIE,1975,230.31
THRANDARJOEKULL,1995,19.0
THUNDER GLACIER,2001,22.19
THUNDERCLAP,1978,2.74
THURNEYSON,1978,1.79
TIATSCHA,1973,2.11
TIATSCHA,1975,2.11
TIEDEMANN,1980,62.69
TIEFEN,1973,3.17
TIEFEN,1975,3.17
TIKHITSAR,1958,1.1
TIM WILLIAMS,1960,13.0
TIMONCITO,1972,0.0
TIMORION,1975,0.65
TIPRA BANK,1988,7.0
TOBY,1975,7.92
TOKMAKSOLDY-I,1961,1.4
TOLHUACA,1961,5.21
TOLHUACA,2010,2.72
TOPKARAGAY,1964,3.7
TOPKARAGAY,1999,3.3
TORNADO,1978,1.68
TORRE,1950,24.6
TORTOLAS,2010,2.19
TOSHAIN RUPAL,1958,54.85
TOTENFELD,1969,0.72
TOULES,1975,0.93
TRAJO,1975,2.22
TRAVIGNOLO,1982,0.28
TRESERO,1975,0.65
TRESERO,1981,0.77
TRETTEN-NULL-TOBREEN,1968,4.92
TRIBOLAZIONE,1975,5.78
TRIDENTE,1992,0.5
TRIEBENKARLAS F.,1969,1.79
TRIENT,1973,6.58
TRIENT,1975,6.58
TRIFT (GADMEN),1973,17.19
TRIFT (GADMEN),1975,17.19
TRIFT (GADMEN),1980,15.33
TRIFT (GADMEN),2003,15.33
TRIGLAVSKI LEDENIK,1946,0.14
TRIGLAVSKI LEDENIK,1952,0.12
TRIOLET,1975,3.9
TROBIO (TRE CONFINI),1975,0.19
TROLLBERGDALSBREEN,1975,1.82
TRONOV,1975,10.9
TRONQUITOS,1955,4.6
TRONQUITOS,1984,4.0
TRONQUITOS,1985,1.7
TRONQUITOS,2005,2.78
TS.TUYUKSUYSKIY,1958,3.09
TS.TUYUKSUYSKIY,1975,3.14
TS.TUYUKSUYSKIY,2005,2.52
TS.TUYUKSUYSKIY,2006,2.51
TS.TUYUKSUYSKIY,2007,2.47
TS.TUYUKSUYSKIY,2008,2.45
TS.TUYUKSUYSKIY,2009,2.45
TS.TUYUKSUYSKIY,2010,2.44
TS.TUYUKSUYSKIY,2011,2.31
TS.TUYUKSUYSKIY,2012,2.29
TS.TUYUKSUYSKIY,2013,2.28
TSANERI,1957,28.8
TSANFLEURON,1973,3.78
TSANFLEURON,1975,3.78
TSCHIERVA,1973,6.83
TSCHIERVA,1975,6.83
TSCHINGEL,1973,6.18
TSCHINGEL,1975,6.18
TSEUDET,1973,1.73
TSEUDET,1975,1.73
TSEYA,1969,9.7
TSEYA,1975,9.7
TSIDJIORE NOUVE,1973,3.12
TSIDJIORE NOUVE,1975,3.12
TSOLOSS,1951,1.06
TUERGANGOU,1984,3.97
TUF MERIDIONALE,1975,0.25
TUGEBIELIQI,1980,313.69
TULIO OSPINA,1989,1.05
TULIO OSPINA,1995,0.94
TULIO OSPINA S,1954,0.0
TUNGNAARJOEKULL,1980,120.0
TUNGNAARJOEKULL,1995,235.0
TUNGNAARJOEKULL,2008,360.0
TUNORSUAQ,1950,3.08
TUNSBERGDALSBREEN,1975,50.11
TUPUNGATITO ICE CAP,1986,30.17
TUPUNGATITO ICE CAP,2010,26.4
TUPUNGATO,2010,11.73
TURAMUZ-I,1970,1.4
TURBIO,1961,38.91
TURBIO,2007,29.52
TURO,1968,4.1
TURPAKBEL NIZHN,1970,0.6
TURPAKBEL NIZHN,1975,0.6
TURTMANN (WEST),1880,15.6
TURTMANN (WEST),1973,6.98
TURTMANN (WEST),1975,6.98
TURTMANN (WEST),2009,11.3
TUTEK,1970,4.6
TUTEK,1975,4.6
TUYUK,1964,5.2
TUYUK,1999,5.0
TYNDALL,1975,0.19
TYNDALL,1986,355.0
TYNDALL,1987,0.07
TYNDALL,1993,0.06
TYNDALL,1995,0.07
TYNDALL,2004,0.05
TYSTIGBREEN,2006,2.77
TZA DE TZAN,1975,3.95
UCHITEL,1964,2.2
UCHITEL,1999,2.0
UEBERGOSS.ALM,1969,0.42
UEBERGOSS.ALM,1975,2.44
UILPATA,1950,1.3
ULLUCHIRAN,1986,11.92
ULLUKAM,2009,0.64
ULLUKOL,1986,2.37
ULLUMALIENDERKU,1986,2.41
ULTIMA (VEDR.) / ULTENMARKTF.,1975,0.43
ULTIMA (VEDR.) / ULTENMARKTF.,1980,0.46
UMBAL K.,1969,5.14
UMBAL K.,1975,7.33
UMIARTORFIUP,1950,39.9
UNIVERSIDAD,1945,31.66
UNIVERSIDAD,2011,29.67
UNIVERSITET (NO. 122),1991,2.4
UNNA RAEITA GL.,1975,1.95
UNNA RAEITA GL.,1980,1.7
UNNA RAEITA GL.,2014,1.56
UNNAMED CD505,1975,7.6
UNNAMED CD5075,1985,2.5
UNNAMED CD5155,1970,0.89
UNNAMED CD5160,1970,4.55
UNNAMED PK1,1958,1.5
UNNAMED RC1,1974,8.5
UNNAMED RC2,1974,9.5
UNNAMED RC3,1974,18.5
UNNAMED RC4,1974,10.0
UNNAMED RC5,1974,5.9
UNNAMED RC6,1974,11.0
UNNAMED US2123,1979,0.37
UNT. RIFFL KEES,1969,1.01
UNT. RIFFL KEES,1975,1.01
UNT.GRINDELWALD,1973,21.71
UNT.GRINDELWALD,1975,21.71
UNTERAAR,1973,28.41
UNTERAAR,1975,28.41
UNTERAAR,1981,22.72
UNTERSULZBACH K.,1969,4.27
UNTERSULZBACH K.,1975,5.92
UPSALA,1986,870.0
URUASHRAJU,1985,2.14
URUMQI GLACIER NO. 1,1985,1.84
URUMQI GLACIER NO. 1,2000,1.73
URUMQI GLACIER NO. 1,2001,1.7
URUMQI GLACIER NO. 1,2006,1.67
URUMQI GLACIER NO. 1,2009,1.64
URUMQI GLACIER NO. 1,2012,1.61
URUMQI GLACIER NO. 1 E-BRANCH,1995,1.16
URUMQI GLACIER NO. 1 E-BRANCH,2000,1.11
URUMQI GLACIER NO. 1 E-BRANCH,2001,1.1
URUMQI GLACIER NO. 1 E-BRANCH,2006,1.08
URUMQI GLACIER NO. 1 E-BRANCH,2009,1.06
URUMQI GLACIER NO. 1 E-BRANCH,2012,1.02
URUMQI GLACIER NO. 1 W-BRANCH,1995,0.67
URUMQI GLACIER NO. 1 W-BRANCH,2000,0.62
URUMQI GLACIER NO. 1 W-BRANCH,2001,0.6
URUMQI GLACIER NO. 1 W-BRANCH,2006,0.59
URUMQI GLACIER NO. 1 W-BRANCH,2009,0.57
URUMQI GLACIER NO. 1 W-BRANCH,2012,0.58
USHBA,1957,8.6
USSELETTES,1975,0.95
UTEM,1967,1.17
VACAS,2005,18.23
VACAS,2010,18.02
VAHSEL,1980,12.4
VAL DELL'ALPE MERID.,1975,0.45
VAL LIA (PIAZZI OR.),1975,0.58
VAL NERA OCC.,1975,0.56
VAL TORTA,1973,0.17
VAL TORTA,1975,0.17
VAL VIOLA OCC.,1975,0.19
VAL VIOLA OR.,1975,0.2
VALEILLE,1975,1.57
VALHALTINDEGL.,1981,1.9
VALLE DEL VENTO,1980,0.36
VALLEGGIA,1973,0.59
VALLEGGIA,1975,0.59
VALLELUNGA (VEDR. DI) / LANGTAUFERERF.,1975,3.9
VALLELUNGA (VEDR. DI) / LANGTAUFERERF.,1980,8.55
VALLETTA,1975,0.4
VALSOREY,1973,2.34
VALSOREY,1975,2.34
VALTOURNANCHE,1975,1.68
VAN DE WATER,1975,0.14
VARIEGATED,1974,28.0
VARIEGATED,1975,28.0
VARTASJEKNA,1975,3.64
VARTASJEKNA,1980,3.6
VARTASJEKNA,2014,4.23
VD.KASTEN K.,1969,0.54
VD.KASTEN K.,1975,0.54
VEL'KENA,2009,223.0
VENEROCOLO,1975,1.05
VENEROCOLO,1981,1.5
VENEZIA (VEDR.),1980,1.71
VENTINA,1975,2.1
VENTINA,1980,2.37
VENTISQUERO,1986,133.97
VENTISQUERO,2006,127.53
VENTORRILLO,1982,0.44
VENTORRILLO,1989,0.52
VENTORRILLO,1997,0.52
VENTORRILLO,1998,0.5
VENTORRILLO,1999,0.41
VENTORRILLO,2000,0.37
VENTORRILLO,2001,0.3
VENTORRILLO,2002,0.21
VENTORRILLO,2003,0.16
VERA,2009,231.11
VERBORGENBERG F.,1969,0.89
VERDE,1961,8.1
VERDE,1995,8.0
VERMUNTGL.,1969,2.25
VERMUNTGL.,1975,2.36
VERMUNTGL.,1995,2.24
VERNAGT FERNER,1898,11.57
VERNAGT FERNER,1966,9.52
VERNAGT FERNER,1967,9.52
VERNAGT FERNER,1968,9.52
VERNAGT FERNER,1969,9.45
VERNAGT FERNER,1970,9.45
VERNAGT FERNER,1971,9.45
VERNAGT FERNER,1972,9.45
VERNAGT FERNER,1973,9.3
VERNAGT FERNER,1974,9.3
VERNAGT FERNER,1975,9.3
VERNAGT FERNER,1976,9.3
VERNAGT FERNER,1977,9.3
VERNAGT FERNER,1978,9.55
VERNAGT FERNER,1979,9.55
VERNAGT FERNER,1980,9.55
VERNAGT FERNER,1981,9.55
VERNAGT FERNER,1982,9.35
VERNAGT FERNER,1983,9.35
VERNAGT FERNER,1984,9.34
VERNAGT FERNER,1985,9.34
VERNAGT FERNER,1986,9.34
VERNAGT FERNER,1987,9.3
VERNAGT FERNER,1988,9.08
VERNAGT FERNER,1989,9.08
VERNAGT FERNER,1990,9.08
VERNAGT FERNER,1991,9.08
VERNAGT FERNER,1992,9.08
VERNAGT FERNER,1993,9.08
VERNAGT FERNER,1994,9.08
VERNAGT FERNER,1995,9.08
VERNAGT FERNER,1996,9.08
VERNAGT FERNER,1997,9.06
VERNAGT FERNER,1998,9.05
VERNAGT FERNER,1999,8.67
VERNAGT FERNER,2000,8.66
VERNAGT FERNER,2001,8.66
VERNAGT FERNER,2002,8.66
VERNAGT FERNER,2003,8.53
VERNAGT FERNER,2004,8.35
VERNAGT FERNER,2005,8.35
VERNAGT FERNER,2006,8.35
VERNAGT FERNER,2007,8.17
VERNAGT FERNER,2008,8.17
VERNAGT FERNER,2009,8.16
VERNAGT FERNER,2010,7.91
VERRA (GRANDE DI),1975,6.11
VERRA (PICCOLO DI),1975,1.41
VERSTANKLA,1973,0.98
VERSTANKLA,1975,1.06
VERVA MAGGIORE (BASSO),1975,0.14
VESLEDALSBREEN,1975,4.22
VESTRE MEMURUBREEN,1975,9.01
VICTORIA,1975,3.5
VICTORIA,1978,4.5
VIGGES GLETSCHER,2002,7.17
VILTRAGEN K.,1969,3.05
VILTRAGEN K.,1975,4.35
VINNUFONNA,2003,1.16
VIRKISJOEKULL,1975,25.0
VIRKISJOEKULL,1995,6.0
VISYACHIY-1-2,1975,0.29
VISYACHIY-1-2,1979,0.29
VITELLI,1975,2.0
VITELLI,1980,1.82
VIZE,2001,233.74
VODOPADNIY (NO.125),1968,0.8
VODOPADNIY (NO.125),1991,0.75
VOLCAN NEVADO DEL HUILA,1850,33.7
VOLCAN NEVADO DEL HUILA,1959,17.5
VOLCAN NEVADO DEL HUILA,1965,16.3
VOLCAN NEVADO DEL HUILA,1981,15.4
VOLCAN NEVADO DEL HUILA,1989,14.72
VOLCAN NEVADO DEL HUILA,1990,13.9
VOLCAN NEVADO DEL HUILA,1995,13.39
VOLCAN NEVADO DEL HUILA,1996,13.3
VOLCAN NEVADO DEL HUILA,2001,12.95
VOLCAN NEVADO DEL RUIZ,1850,47.5
VOLCAN NEVADO DEL RUIZ,1959,20.7
VOLCAN NEVADO DEL RUIZ,1975,19.6
VOLCAN NEVADO DEL RUIZ,1985,18.7
VOLCAN NEVADO DEL RUIZ,1986,17.0
VOLCAN NEVADO DEL RUIZ,1987,17.7
VOLCAN NEVADO DEL RUIZ,1990,14.1
VOLCAN NEVADO DEL RUIZ,1997,11.76
VOLCAN NEVADO DEL RUIZ,2002,10.32
VOLCAN NEVADO DEL SANTA ISABEL,1850,27.8
VOLCAN NEVADO DEL SANTA ISABEL,1946,10.8
VOLCAN NEVADO DEL SANTA ISABEL,1959,9.4
VOLCAN NEVADO DEL SANTA ISABEL,1987,6.4
VOLCAN NEVADO DEL SANTA ISABEL,1995,5.3
VOLCAN NEVADO DEL SANTA ISABEL,2002,3.33
VOLCAN NEVADO DEL TOLIMA,1850,8.6
VOLCAN NEVADO DEL TOLIMA,1946,3.1
VOLCAN NEVADO DEL TOLIMA,1958,2.7
VOLCAN NEVADO DEL TOLIMA,1987,1.6
VOLCAN NEVADO DEL TOLIMA,1997,1.18
VOLCAN NEVADO DEL TOLIMA,2002,1.03
VORAB,1973,2.51
VORAB,1975,2.51
VOSTOSTOCHNIY KLUKHORSKIY,1950,0.5
W LANDAUER PT G,2001,25.13
W SKEP PT. G,2001,103.52
W ULA PT. G,2001,10.33
W.GRUEBL F.,1969,0.37
W.GRUEBL F.,1975,0.24
W.TRIPP K.,1969,0.6
WALDEMARBREEN,2005,2.59
WALDEMARBREEN,2009,2.5
WALDEMARBREEN,2010,2.5
WALLENBUR,1973,1.7
WALLENBUR,1975,1.7
WARD H. I. RISE,1975,32.0
WARD H. I. RISE,1980,32.0
WARD H. I. SH.,1975,2000.0
WARD H. I. SH.,1980,602.0
WASSERFALLWINKL,1969,1.93
WASSERFALLWINKL,1975,1.93
WATSON,1989,0.2
WATZMANNGL.,1975,0.18
WATZMANNGL.,1995,0.15
WAVE,1979,4.45
WAXEGG K.,1969,4.12
WAXEGG K.,1975,3.88
WAXEGG K.,2000,3.2
WEDGEMOUNT,1985,2.6
WEIGELE DANGXI.,1984,15.99
WEISSEE F.,1969,2.86
WEISSEE F.,1975,3.48
WERENSKIOLDBREEN,1978,28.0
WERENSKIOLDBREEN,2008,27.11
WEST FORK,1964,311.0
WEST GULKANA,1986,3.65
WHATAROA,1978,2.97
WHISKY BAY G,2001,70.38
WHITBOURNE,1978,9.47
WHITE,1959,38.9
WHITE,1975,38.9
WHITE,1978,0.6
WHITE,1979,4.69
WHITE RIVER,1907,1.04
WHITE RIVER,2004,0.41
WHITNEY GLACIER,1984,1.38
WHYMPER,1978,6.55
WIBEBREEN,1936,6.67
WIELINGER K.,1969,0.98
WIGLEY,1978,1.93
WILA LLUXITA,1950,0.34
WILDGERLOS,1969,2.24
WILDGERLOS,1975,3.68
WILKINSON,1978,3.95
WINKL K.,1969,0.66
WINSTON,1980,11.93
WINTUN GLACIER,1975,0.37
WOLLASTON,1975,0.17
WOLVERINE,1970,17.7
WOLVERINE,1975,17.7
WOLVERINE,1979,16.97
WOLVERINE,1995,16.86
WOLVERINE,1998,16.78
WOLVERINE,2002,16.74
WOLVERINE,2012,16.0
WOLVERINE,2013,16.0
WOLVERINE,2014,16.0
WOOLSEY,1975,3.92
WORTHINGTON,1950,8.8
WURFER K.,1969,0.35
WURFER K.,1975,0.35
WURTEN K.,1969,2.03
WURTEN K.,1975,3.11
WURTEN K.,1992,1.09
XIAO DONGKZMADI,1989,1.76
XIAOGONGBA,1984,6.46
XIBU,1976,23.55
XIBU,1984,23.43
XIBU,1991,23.39
XIBU,2001,23.35
XIBU,2005,23.04
XIBU,2009,22.9
XIDATAN,1988,6.13
YAKUTAT EAST,1975,359.4
YALA,1982,2.57
YALA,1996,1.88
YALA,2012,1.61
YALIK,1950,50.05
YANAMAREY,1985,1.29
YANAMAREY,2013,0.6
YANGLONGHE NO.5,1973,1.46
YANZIGOU,1982,32.15
YATES 1,1987,16.83
YATES 1,2011,13.16
YAWNING,1987,0.2
YAWNING,2000,0.3
YDUNS GLACIER,2002,105.9
YIEHELONG GL.,1984,19.4
YOHO,1975,23.4
YUGO-VOSTOCHNIY,1957,1.2
YUKIKABE,1975,0.01
YULONG,1982,1.52
YUNOM,1977,3.34
YURI,1990,3.58
YUZHNIY,1957,1.1
ZAI DI DENTRO / ZAY F. INNERER,1980,0.45
ZAI DI FUORI / ZAY F. AEUSSERER,1975,0.45
ZAI DI FUORI / ZAY F. AEUSSERER,1979,0.61
ZAI DI FUORI / ZAY F. AEUSSERER,1980,0.61
ZAI DI MEZZO / ZAY F. MITTLERER,1975,0.56
ZAI DI MEZZO / ZAY F. MITTLERER,1980,0.72
ZAVISHA,1975,6.5
ZELEE,1947,75.1
ZELEE,1963,59.0
ZELEE,1973,61.2
ZELEE,1985,56.8
ZELEE,1989,59.1
ZEMU,1985,41.2
ZERAVSHANSKIY,1968,38.7
ZETTALUNITZ/MULLWITZ K.,1969,3.46
ZETTALUNITZ/MULLWITZ K.,1975,5.47
ZHADANG,1976,2.75
ZHADANG,1991,2.56
ZHADANG,2001,2.48
ZHADANG,2005,2.41
ZHADANG,2009,2.36
ZHANGYRYK,1975,17.3
ZHANGYRYK YUZHNIY,1975,8.9
ZINAL,1973,16.24
ZINAL,1975,16.24
ZMUTT,1973,17.22
ZMUTT,1975,17.22
ZONGO,1991,2.1
ZONGO,1995,2.18
ZONGO,1997,2.1
ZONGO,2000,1.96
ZONGO,2001,1.95
ZONGO,2002,1.94
ZONGO,2003,1.93
ZONGO,2004,1.91
ZONGO,2005,1.88
ZONGO,2007,1.87
ZONGO,2008,1.86
ZONGO,2009,1.92
ZONGO,2010,1.9
ZORA,1978,4.44
ZOYA KOSMODEMYANSKAYA,1975,0.36
ZOYA KOSMODEMYANSKAYA,1980,0.36
